{"type":"FeatureCollection","features":[{"type":"Feature","geometry":{"type":"LineString","coordinates":[[-1.552611,12.38302],[-1.55275,12.382986],[-1.553193,12.382862],[-1.553484,12.382781],[-1.553627,12.382738],[-1.554693,12.382412],[-1.555076,12.382275],[-1.555345,12.382176]]},"properties":{"nom":"Boulevard Tansoba Wam-Godi","type":"Boulevard","revetement":"Bitumé(BITU_VUL)","eclairage":"Eclairage électrique (EE_VUL)","piste_cyclable":"Oui","arrondissement":null}},{"type":"Feature","geometry":{"type":"LineString","coordinates":[[-1.547011,12.378799],[-1.54705,12.378827],[-1.547928,12.379448],[-1.548579,12.379881],[-1.548604,12.379898],[-1.548901,12.380131],[-1.550375,12.381285],[-1.550911,12.381672],[-1.551525,12.382096],[-1.551636,12.382172],[-1.551817,12.382315],[-1.552099,12.382537],[-1.552761,12.382989],[-1.554002,12.384175]]},"properties":{"nom":"Avenue du Yatenga","type":"Avenue","revetement":"Bitumé(BITU_VUL)","eclairage":"Eclairage électrique (EE_VUL)","piste_cyclable":null,"arrondissement":null}},{"type":"Feature","geometry":{"type":"LineString","coordinates":[[-1.509339,12.379699],[-1.509219,12.379497],[-1.508998,12.378558],[-1.507947,12.373992]]},"properties":{"nom":"Avenue du Burkina","type":"Avenue","revetement":"Bitumé(BITU_VUL)","eclairage":"Eclairage électrique (EE_VUL)","piste_cyclable":null,"arrondissement":null}},{"type":"Feature","geometry":{"type":"LineString","coordinates":[[-1.529194,12.366532],[-1.529118,12.365852],[-1.529054,12.365329],[-1.528985,12.364725],[-1.528921,12.364187],[-1.528842,12.363352]]},"properties":{"nom":"Avenue Moro Naba Oubri","type":"Avenue","revetement":"Bitumé(BITU_VUL)","eclairage":"Eclairage électrique (EE_VUL)","piste_cyclable":null,"arrondissement":null}},{"type":"Feature","geometry":{"type":"LineString","coordinates":[[-1.522522,12.368475],[-1.521453,12.368655]]},"properties":{"nom":"Avenue Tiemtore Pierre","type":"Avenue","revetement":"Bitumé(BITU_VUL)","eclairage":"Eclairage électrique (EE_VUL)","piste_cyclable":null,"arrondissement":null}},{"type":"Feature","geometry":{"type":"LineString","coordinates":[[-1.515249,12.381901],[-1.515436,12.382516],[-1.515491,12.382704],[-1.515553,12.382908],[-1.515671,12.383279],[-1.515831,12.383801],[-1.515963,12.384306],[-1.516045,12.384863],[-1.516322,12.387262],[-1.516417,12.388351],[-1.516585,12.389719]]},"properties":{"nom":"Rue Ouèzin Coulibaly","type":"Rue","revetement":"Bitumé(BITU_VUL)","eclairage":null,"piste_cyclable":null,"arrondissement":null}},{"type":"Feature","geometry":{"type":"LineString","coordinates":[[-1.514717,12.365654],[-1.514603,12.365134],[-1.514491,12.36462],[-1.514296,12.363802],[-1.51387,12.361939],[-1.513844,12.361814],[-1.513744,12.361408],[-1.513431,12.359971],[-1.513048,12.358243],[-1.513039,12.358145],[-1.513067,12.358003]]},"properties":{"nom":"Avenue de l'aéroport","type":"Avenue","revetement":"Bitumé(BITU_VUL)","eclairage":"Eclairage électrique (EE_VUL)","piste_cyclable":null,"arrondissement":null}},{"type":"Feature","geometry":{"type":"LineString","coordinates":[[-1.51658,12.373897],[-1.516476,12.373445],[-1.516192,12.372204],[-1.516162,12.372074],[-1.515631,12.369756],[-1.515389,12.368677],[-1.515365,12.368593],[-1.51535,12.368534],[-1.515205,12.367892],[-1.515036,12.367156],[-1.514935,12.366714],[-1.514823,12.366225],[-1.514748,12.365898],[-1.514693,12.365659]]},"properties":{"nom":"Avenue du Président Aboubacar Sangoulé Lamizana","type":"Avenue","revetement":"Bitumé(BITU_VUL)","eclairage":"Eclairage électrique (EE_VUL)","piste_cyclable":null,"arrondissement":null}},{"type":"Feature","geometry":{"type":"LineString","coordinates":[[-1.506826,12.368937],[-1.508246,12.368628],[-1.509813,12.368287],[-1.51165,12.367887],[-1.51279,12.367639],[-1.513407,12.367505],[-1.515036,12.367156]]},"properties":{"nom":"Avenue Kennedy","type":"Avenue","revetement":"Bitumé(BITU_VUL)","eclairage":"Eclairage électrique (EE_VUL)","piste_cyclable":null,"arrondissement":null}},{"type":"Feature","geometry":{"type":"LineString","coordinates":[[-1.493514,12.387069],[-1.493347,12.38645],[-1.493326,12.386359],[-1.493332,12.386193],[-1.493344,12.385847],[-1.493368,12.385247],[-1.493398,12.384475],[-1.49343,12.383744],[-1.493451,12.383054],[-1.493465,12.382845],[-1.493496,12.382266],[-1.493507,12.381627],[-1.493529,12.381057],[-1.493549,12.380534],[-1.493561,12.380203],[-1.493571,12.379945],[-1.493586,12.379561],[-1.493592,12.379405],[-1.493625,12.378838],[-1.49365,12.378249],[-1.493654,12.377698],[-1.493664,12.377448],[-1.493682,12.377134],[-1.493698,12.376783],[-1.493716,12.376564],[-1.493733,12.376095]]},"properties":{"nom":"Avenue Babanguida","type":"Avenue","revetement":"Bitumé(BITU_VUL)","eclairage":"Eclairage électrique (EE_VUL)","piste_cyclable":null,"arrondissement":null}},{"type":"Feature","geometry":{"type":"LineString","coordinates":[[-1.48812,12.387657],[-1.489618,12.38731],[-1.490463,12.387115],[-1.491132,12.386961],[-1.491873,12.38679],[-1.493317,12.386456],[-1.494081,12.386279],[-1.495496,12.385915],[-1.495883,12.385815],[-1.496121,12.385754],[-1.496569,12.385638]]},"properties":{"nom":"Avenue Maane Kaka","type":"Avenue","revetement":"Bitumé(BITU_VUL)","eclairage":"Eclairage électrique (EE_VUL)","piste_cyclable":null,"arrondissement":null}},{"type":"Feature","geometry":{"type":"LineString","coordinates":[[-1.526482,12.363617],[-1.526594,12.363728],[-1.526642,12.363804],[-1.526672,12.363952],[-1.526871,12.365015],[-1.527158,12.366738],[-1.52718,12.36687],[-1.527433,12.368486]]},"properties":{"nom":"Avenue Mgr Thevenoud","type":"Avenue","revetement":"Bitumé(BITU_VUL)","eclairage":"Eclairage électrique (EE_VUL)","piste_cyclable":null,"arrondissement":null}},{"type":"Feature","geometry":{"type":"LineString","coordinates":[[-1.522151,12.369459],[-1.521551,12.369264],[-1.52033,12.368907],[-1.520127,12.368843]]},"properties":{"nom":"Avenue de l'Ordre des Avocats","type":"Avenue","revetement":"Bitumé(BITU_VUL)","eclairage":"Eclairage électrique (EE_VUL)","piste_cyclable":null,"arrondissement":null}},{"type":"Feature","geometry":{"type":"LineString","coordinates":[[-1.52166,12.36989],[-1.520349,12.370892],[-1.520264,12.370957],[-1.519859,12.371304]]},"properties":{"nom":"Rue de la Justice","type":"Rue","revetement":"Bitumé(BITU_VUL)","eclairage":null,"piste_cyclable":null,"arrondissement":null}},{"type":"Feature","geometry":{"type":"LineString","coordinates":[[-1.51443,12.375012],[-1.514182,12.373932],[-1.513936,12.372745],[-1.513911,12.372623],[-1.513362,12.370236]]},"properties":{"nom":"Avenue de l'Assemblee Nationale","type":"Avenue","revetement":"Bitumé(BITU_VUL)","eclairage":"Eclairage électrique (EE_VUL)","piste_cyclable":null,"arrondissement":null}},{"type":"Feature","geometry":{"type":"LineString","coordinates":[[-1.51278,12.37282],[-1.512245,12.370485],[-1.511989,12.369319],[-1.51182,12.368626],[-1.51165,12.367887],[-1.511548,12.36744],[-1.511436,12.36695],[-1.511311,12.366407],[-1.511189,12.365871],[-1.511075,12.365377],[-1.51098,12.364962],[-1.510882,12.364535]]},"properties":{"nom":"Avenue Guillaume OUEDRAOGO","type":"Avenue","revetement":"Bitumé(BITU_VUL)","eclairage":"Eclairage électrique (EE_VUL)","piste_cyclable":null,"arrondissement":null}},{"type":"Feature","geometry":{"type":"LineString","coordinates":[[-1.509071,12.364956],[-1.509248,12.365781],[-1.509362,12.366265],[-1.509478,12.3668],[-1.509601,12.367345],[-1.509668,12.367642],[-1.509712,12.367838],[-1.509813,12.368287],[-1.509878,12.369058],[-1.509964,12.369461],[-1.51004,12.369669],[-1.510152,12.369715],[-1.510414,12.370948],[-1.510965,12.373403]]},"properties":{"nom":"Avenue de l'Hospitalité","type":"Avenue","revetement":"Bitumé(BITU_VUL)","eclairage":"Eclairage électrique (EE_VUL)","piste_cyclable":null,"arrondissement":null}},{"type":"Feature","geometry":{"type":"LineString","coordinates":[[-1.528361,12.366663],[-1.529194,12.366532]]},"properties":{"nom":"Avenue de la B.C.F.A.O.","type":"Avenue","revetement":"Bitumé(BITU_VUL)","eclairage":"Eclairage électrique (EE_VUL)","piste_cyclable":null,"arrondissement":null}},{"type":"Feature","geometry":{"type":"LineString","coordinates":[[-1.53392,12.364814],[-1.533918,12.364712],[-1.533895,12.364572],[-1.533888,12.364472]]},"properties":{"nom":"Avenue Kanazoe","type":"Avenue","revetement":"Bitumé(BITU_VUL)","eclairage":"Eclairage électrique (EE_VUL)","piste_cyclable":null,"arrondissement":null}},{"type":"Feature","geometry":{"type":"LineString","coordinates":[[-1.522347,12.367589],[-1.522138,12.366484],[-1.521931,12.365446],[-1.521726,12.364374],[-1.521487,12.363035],[-1.521375,12.36244],[-1.521022,12.360574],[-1.521015,12.360533],[-1.521,12.360464],[-1.520656,12.35863],[-1.520293,12.356709],[-1.520094,12.355672],[-1.51991,12.35468],[-1.519712,12.35363],[-1.51952,12.352613],[-1.519361,12.351772]]},"properties":{"nom":"Avenue de la Grande Mosquee","type":"Avenue","revetement":"Bitumé(BITU_VUL)","eclairage":"Eclairage électrique (EE_VUL)","piste_cyclable":null,"arrondissement":null}},{"type":"Feature","geometry":{"type":"LineString","coordinates":[[-1.533954,12.383841],[-1.533704,12.382811],[-1.533453,12.381839],[-1.533208,12.380866],[-1.53295,12.379841],[-1.53269,12.378809],[-1.532438,12.377808],[-1.53223,12.376945],[-1.532024,12.376091],[-1.531926,12.375682],[-1.531688,12.374697],[-1.531348,12.373287],[-1.53125,12.372858],[-1.531212,12.372717],[-1.531205,12.372691],[-1.531175,12.372581],[-1.530878,12.371796],[-1.530397,12.370554],[-1.530218,12.369979],[-1.530102,12.369023],[-1.529974,12.368076]]},"properties":{"nom":"Avenue de l'Armée","type":"Avenue","revetement":"Bitumé(BITU_VUL)","eclairage":"Eclairage électrique (EE_VUL)","piste_cyclable":null,"arrondissement":null}},{"type":"Feature","geometry":{"type":"LineString","coordinates":[[-1.528579,12.368265],[-1.528726,12.369413],[-1.528811,12.369983],[-1.528852,12.370262]]},"properties":{"nom":"Avenue du Médiateur du Faso","type":"Avenue","revetement":"Bitumé(BITU_VUL)","eclairage":"Eclairage électrique (EE_VUL)","piste_cyclable":null,"arrondissement":null}},{"type":"Feature","geometry":{"type":"LineString","coordinates":[[-1.524618,12.369016],[-1.524748,12.369641],[-1.524851,12.370227]]},"properties":{"nom":"Avenue de Lyon","type":"Avenue","revetement":"Bitumé(BITU_VUL)","eclairage":"Eclairage électrique (EE_VUL)","piste_cyclable":null,"arrondissement":null}},{"type":"Feature","geometry":{"type":"LineString","coordinates":[[-1.521831,12.370929],[-1.522092,12.372133],[-1.522228,12.372877],[-1.522242,12.372948],[-1.52233,12.373394]]},"properties":{"nom":"Avenue du Temple","type":"Avenue","revetement":"Bitumé(BITU_VUL)","eclairage":"Eclairage électrique (EE_VUL)","piste_cyclable":null,"arrondissement":null}},{"type":"Feature","geometry":{"type":"LineString","coordinates":[[-1.505142,12.374618],[-1.505117,12.374511],[-1.505089,12.374404],[-1.504895,12.373535],[-1.504737,12.372827],[-1.50446,12.371587],[-1.504338,12.37104]]},"properties":{"nom":"Avenue Raoul Follereau","type":"Avenue","revetement":"Bitumé(BITU_VUL)","eclairage":"Eclairage électrique (EE_VUL)","piste_cyclable":null,"arrondissement":null}},{"type":"Feature","geometry":{"type":"LineString","coordinates":[[-1.550359,12.348541],[-1.549773,12.348906],[-1.5485,12.34968],[-1.547991,12.349975],[-1.547551,12.350243],[-1.546284,12.351008],[-1.545025,12.351763],[-1.544965,12.351799],[-1.544896,12.35184],[-1.54361,12.352602],[-1.542291,12.353398],[-1.540936,12.354216],[-1.53885,12.355476],[-1.538746,12.355539]]},"properties":{"nom":"Avenue Simon Compaoré","type":"Avenue","revetement":"Bitumé(BITU_VUL)","eclairage":"Eclairage électrique (EE_VUL)","piste_cyclable":null,"arrondissement":null}},{"type":"Feature","geometry":{"type":"LineString","coordinates":[[-1.48007,12.350288],[-1.479753,12.35076],[-1.479214,12.351559],[-1.478918,12.351998],[-1.478636,12.35241],[-1.47844,12.352722],[-1.478107,12.353202],[-1.477553,12.354024],[-1.477228,12.354506],[-1.476938,12.35494],[-1.476897,12.355001],[-1.47623,12.355987],[-1.475984,12.356373],[-1.47592,12.356456],[-1.475826,12.356598],[-1.475702,12.356782],[-1.475632,12.356893],[-1.475283,12.35742],[-1.474852,12.358075],[-1.474286,12.358931],[-1.474079,12.359234],[-1.473794,12.359677]]},"properties":{"nom":"Boulevard T. Waore","type":"Boulevard","revetement":"Bitumé(BITU_VUL)","eclairage":"Eclairage électrique (EE_VUL)","piste_cyclable":"Oui","arrondissement":null}},{"type":"Feature","geometry":{"type":"LineString","coordinates":[[-1.467874,12.383096],[-1.467995,12.383067],[-1.468467,12.382949],[-1.470325,12.382498],[-1.470846,12.382369],[-1.471793,12.382135],[-1.47328,12.381768],[-1.47508,12.381323]]},"properties":{"nom":"Avenue du Musée National","type":"Avenue","revetement":"Bitumé(BITU_VUL)","eclairage":"Eclairage électrique (EE_VUL)","piste_cyclable":null,"arrondissement":null}},{"type":"Feature","geometry":{"type":"LineString","coordinates":[[-1.498049,12.396437],[-1.500179,12.398809],[-1.502016,12.400856],[-1.502374,12.401254],[-1.502649,12.401561],[-1.503201,12.402176],[-1.503631,12.402655],[-1.503961,12.403022],[-1.504147,12.40323],[-1.504409,12.403521],[-1.505462,12.404695],[-1.505861,12.405139],[-1.50615,12.405461],[-1.506505,12.405856],[-1.507076,12.406493],[-1.507454,12.406914],[-1.508102,12.407636],[-1.508537,12.40812],[-1.508593,12.408183],[-1.509595,12.409298],[-1.510583,12.410398],[-1.510882,12.410732],[-1.511061,12.410926],[-1.511645,12.411582]]},"properties":{"nom":"Avenue Jean-Baptiste Ouèdraogo","type":"Avenue","revetement":"Bitumé(BITU_VUL)","eclairage":null,"piste_cyclable":null,"arrondissement":null}},{"type":"Feature","geometry":{"type":"LineString","coordinates":[[-1.499885,12.393374],[-1.499953,12.393366],[-1.500018,12.393362],[-1.500155,12.393362],[-1.500865,12.393274],[-1.501671,12.393174],[-1.502803,12.393017],[-1.504562,12.392768],[-1.507776,12.392045],[-1.516004,12.390173],[-1.516108,12.390146]]},"properties":{"nom":null,"type":"Rue","revetement":"Bitumé(BITU_VUL)","eclairage":null,"piste_cyclable":null,"arrondissement":null}},{"type":"Feature","geometry":{"type":"LineString","coordinates":[[-1.534944,12.391999],[-1.534895,12.393155],[-1.534859,12.393989],[-1.534795,12.39546]]},"properties":{"nom":"Rue 23.41","type":"Rue","revetement":"Bitumé(BITU_VUL)","eclairage":"2","piste_cyclable":null,"arrondissement":null}},{"type":"Feature","geometry":{"type":"LineString","coordinates":[[-1.534795,12.39546],[-1.534251,12.395748],[-1.532935,12.396447],[-1.532873,12.396489],[-1.531505,12.39718],[-1.531008,12.397435],[-1.529644,12.398145],[-1.527867,12.399066],[-1.526553,12.399749],[-1.525253,12.400454],[-1.524122,12.401009],[-1.523607,12.401276],[-1.523546,12.401308],[-1.522278,12.401964],[-1.520645,12.402813],[-1.520217,12.403023]]},"properties":{"nom":"Rue de la Bonté","type":"Rue","revetement":"Bitumé(BITU_VUL)","eclairage":"2","piste_cyclable":null,"arrondissement":null}},{"type":"Feature","geometry":{"type":"LineString","coordinates":[[-1.526846,12.391478],[-1.526651,12.393431],[-1.526499,12.39493],[-1.526367,12.396249]]},"properties":{"nom":"Avenue Pr. Pigri","type":"Avenue","revetement":"Bitumé(BITU_VUL)","eclairage":"Eclairage électrique (EE_VUL)","piste_cyclable":null,"arrondissement":null}},{"type":"Feature","geometry":{"type":"LineString","coordinates":[[-1.575694,12.333873],[-1.575173,12.334192],[-1.574913,12.334351],[-1.574326,12.334709],[-1.573861,12.334993],[-1.573372,12.335292],[-1.57286,12.335605],[-1.572317,12.335937],[-1.569524,12.337823]]},"properties":{"nom":"Avenue de la fraternité","type":"Avenue","revetement":"Bitumé(BITU_VUL)","eclairage":"Eclairage électrique (EE_VUL)","piste_cyclable":null,"arrondissement":null}},{"type":"Feature","geometry":{"type":"LineString","coordinates":[[-1.565103,12.346187],[-1.565052,12.346122],[-1.563057,12.343188],[-1.562752,12.342703],[-1.562398,12.342141],[-1.56144,12.340652],[-1.561406,12.340602],[-1.56056,12.339287],[-1.55948,12.337615],[-1.558869,12.336649],[-1.558364,12.33588],[-1.55816,12.335572],[-1.557361,12.334327],[-1.557306,12.33424],[-1.554986,12.332571]]},"properties":{"nom":"Avenue du Golfe de Syrie","type":"Avenue","revetement":"Bitumé(BITU_VUL)","eclairage":"Eclairage électrique (EE_VUL)","piste_cyclable":null,"arrondissement":null}},{"type":"Feature","geometry":{"type":"LineString","coordinates":[[-1.558754,12.362868],[-1.558736,12.362868],[-1.557409,12.362962],[-1.556457,12.363738],[-1.555583,12.364451],[-1.554839,12.365068],[-1.553897,12.36588],[-1.553088,12.366526],[-1.552833,12.366733],[-1.55274,12.366793],[-1.552644,12.366851],[-1.552502,12.3669],[-1.552375,12.366935],[-1.552247,12.366956],[-1.551624,12.367004],[-1.550445,12.367085],[-1.550407,12.367217],[-1.549193,12.367167],[-1.548684,12.367219],[-1.54821,12.36731],[-1.547444,12.367481],[-1.54638,12.367705],[-1.545579,12.367881]]},"properties":{"nom":"Avenue de l'Olympisme","type":"Avenue","revetement":"Bitumé(BITU_VUL)","eclairage":"Eclairage électrique (EE_VUL)","piste_cyclable":null,"arrondissement":null}},{"type":"Feature","geometry":{"type":"LineString","coordinates":[[-1.56589,12.401539],[-1.565978,12.401523],[-1.56604,12.401507],[-1.566102,12.401496],[-1.566257,12.401503]]},"properties":{"nom":"Rue 22.158","type":"Rue","revetement":"Bitumé(BITU_VUL)","eclairage":null,"piste_cyclable":null,"arrondissement":null}},{"type":"Feature","geometry":{"type":"LineString","coordinates":[[-1.581275,12.401037],[-1.58133,12.400936],[-1.581379,12.400816],[-1.581417,12.400715],[-1.581453,12.400601]]},"properties":{"nom":null,"type":"Rue","revetement":"Bitumé(BITU_VUL)","eclairage":"2","piste_cyclable":null,"arrondissement":null}},{"type":"Feature","geometry":{"type":"LineString","coordinates":[[-1.558837,12.360483],[-1.557768,12.360515],[-1.556633,12.360583],[-1.556413,12.36073],[-1.55618,12.360913],[-1.555532,12.361304],[-1.554936,12.361668],[-1.553805,12.36243],[-1.553472,12.362644],[-1.552745,12.363102],[-1.552098,12.363487]]},"properties":{"nom":"Avenue Nangiéla","type":"Avenue","revetement":"Bitumé(BITU_VUL)","eclairage":"Eclairage électrique (EE_VUL)","piste_cyclable":null,"arrondissement":null}},{"type":"Feature","geometry":{"type":"LineString","coordinates":[[-1.474528,12.371967],[-1.474422,12.371899],[-1.473915,12.371574],[-1.473387,12.371236],[-1.472885,12.370915],[-1.47158,12.37008],[-1.471148,12.369803],[-1.470711,12.369524],[-1.469856,12.368977],[-1.468733,12.368258],[-1.468253,12.367951],[-1.467764,12.367638],[-1.467353,12.367375],[-1.466873,12.367068],[-1.466412,12.366772],[-1.465515,12.366199],[-1.46497,12.36585],[-1.46455,12.365581],[-1.464117,12.365304],[-1.463161,12.364658],[-1.462575,12.364288]]},"properties":{"nom":"Avenue de la Bendrologie","type":"Avenue","revetement":"Bitumé(BITU_VUL)","eclairage":"Eclairage électrique (EE_VUL)","piste_cyclable":null,"arrondissement":null}},{"type":"Feature","geometry":{"type":"LineString","coordinates":[[-1.538205,12.31918],[-1.536551,12.318682],[-1.533278,12.317741],[-1.532333,12.317468],[-1.532151,12.317426],[-1.531967,12.317399],[-1.531434,12.317408]]},"properties":{"nom":"Rue Liwaga","type":"Rue","revetement":"Bitumé(BITU_VUL)","eclairage":null,"piste_cyclable":null,"arrondissement":null}},{"type":"Feature","geometry":{"type":"LineString","coordinates":[[-1.527287,12.35845],[-1.527444,12.359778]]},"properties":{"nom":"Avenue Bassawanga","type":"Avenue","revetement":"Bitumé(BITU_VUL)","eclairage":"Eclairage électrique (EE_VUL)","piste_cyclable":null,"arrondissement":null}},{"type":"Feature","geometry":{"type":"LineString","coordinates":[[-1.516043,12.368445],[-1.515788,12.367382],[-1.515647,12.366817],[-1.515632,12.366745],[-1.515522,12.366717],[-1.515475,12.366659],[-1.515463,12.366579],[-1.515483,12.36651],[-1.515544,12.366458],[-1.515535,12.366414],[-1.515359,12.365513],[-1.515157,12.364512]]},"properties":{"nom":"Avenue du Conseil Economique et Social","type":"Avenue","revetement":"Bitumé(BITU_VUL)","eclairage":"Eclairage électrique (EE_VUL)","piste_cyclable":null,"arrondissement":null}},{"type":"Feature","geometry":{"type":"LineString","coordinates":[[-1.510249,12.374788],[-1.511935,12.374425],[-1.513104,12.374171],[-1.514182,12.373932],[-1.515318,12.373691],[-1.516476,12.373445],[-1.517387,12.373241]]},"properties":{"nom":"Avenue de la Grande Chancellerie","type":"Avenue","revetement":"Bitumé(BITU_VUL)","eclairage":"Eclairage électrique (EE_VUL)","piste_cyclable":null,"arrondissement":null}},{"type":"Feature","geometry":{"type":"LineString","coordinates":[[-1.558245,12.371623],[-1.558145,12.371647],[-1.557911,12.371703],[-1.557557,12.371788],[-1.556789,12.371971],[-1.555707,12.372229],[-1.554602,12.372493],[-1.553479,12.372761],[-1.552388,12.373022],[-1.551679,12.373191],[-1.551545,12.373223],[-1.550881,12.373381],[-1.550376,12.373502],[-1.54899,12.373833],[-1.547874,12.374099],[-1.546747,12.374368],[-1.546305,12.374474],[-1.546211,12.374496],[-1.545686,12.374622],[-1.545601,12.374642],[-1.545232,12.37473],[-1.545016,12.374782],[-1.544916,12.374806],[-1.544554,12.374892],[-1.543966,12.375032],[-1.543436,12.375159],[-1.542834,12.375302],[-1.542316,12.375426],[-1.542092,12.375479]]},"properties":{"nom":"Avenue larlé","type":"Avenue","revetement":"Bitumé(BITU_VUL)","eclairage":"Eclairage électrique (EE_VUL)","piste_cyclable":null,"arrondissement":null}},{"type":"Feature","geometry":{"type":"LineString","coordinates":[[-1.569107,12.374883],[-1.569038,12.374348],[-1.568978,12.373862],[-1.568918,12.373466],[-1.568897,12.373328],[-1.568828,12.372943],[-1.568797,12.372808],[-1.568736,12.372636],[-1.568677,12.372495],[-1.568597,12.372331],[-1.568324,12.371869],[-1.567976,12.371417],[-1.567831,12.371239],[-1.567702,12.371085],[-1.567573,12.370956],[-1.567445,12.370836],[-1.567265,12.370692],[-1.567065,12.370561],[-1.56687,12.370433],[-1.566624,12.370304],[-1.566411,12.37021],[-1.565613,12.369903],[-1.56537,12.369854],[-1.565125,12.36981],[-1.564892,12.369788],[-1.56461,12.369785],[-1.564338,12.369781],[-1.564103,12.369791],[-1.563732,12.369814],[-1.563199,12.369877],[-1.562083,12.369983],[-1.561484,12.370027],[-1.558496,12.370295]]},"properties":{"nom":"Rue Saamtapo","type":"Rue","revetement":"Bitumé(BITU_VUL)","eclairage":null,"piste_cyclable":null,"arrondissement":null}},{"type":"Feature","geometry":{"type":"LineString","coordinates":[[-1.567747,12.342559],[-1.568296,12.342227],[-1.568797,12.341924],[-1.569278,12.341633],[-1.571335,12.340389]]},"properties":{"nom":null,"type":"Rue","revetement":"Bitumé(BITU_VUL)","eclairage":"1","piste_cyclable":null,"arrondissement":null}},{"type":"Feature","geometry":{"type":"MultiLineString","coordinates":[[[-1.58503,12.331278],[-1.585218,12.331105],[-1.586103,12.329852],[-1.586887,12.328676],[-1.587709,12.327457],[-1.588522,12.326274]],[[-1.588632,12.326105],[-1.588835,12.325797],[-1.589,12.325543],[-1.589761,12.324408]]]},"properties":{"nom":null,"type":"Rue","revetement":"Bitumé(BITU_VUL)","eclairage":"1","piste_cyclable":null,"arrondissement":null}},{"type":"Feature","geometry":{"type":"LineString","coordinates":[[-1.572339,12.34198],[-1.573699,12.341126],[-1.573884,12.341012],[-1.575037,12.340304],[-1.575219,12.340193],[-1.575721,12.339884],[-1.576241,12.339565],[-1.577568,12.33875],[-1.577697,12.338671],[-1.578322,12.338341]]},"properties":{"nom":null,"type":"Rue","revetement":"Bitumé(BITU_VUL)","eclairage":null,"piste_cyclable":null,"arrondissement":null}},{"type":"Feature","geometry":{"type":"LineString","coordinates":[[-1.538205,12.31918],[-1.539289,12.319493],[-1.539568,12.319575],[-1.539971,12.319683],[-1.540338,12.319782],[-1.541472,12.320097],[-1.543282,12.320623],[-1.544701,12.321019],[-1.545199,12.321154],[-1.546174,12.321419],[-1.547381,12.321746],[-1.548277,12.321999],[-1.548606,12.322096],[-1.548829,12.322168],[-1.549326,12.322308],[-1.550045,12.322528],[-1.550421,12.32263],[-1.551544,12.322948],[-1.552212,12.323151]]},"properties":{"nom":null,"type":"Rue","revetement":"Bitumé(BITU_VUL)","eclairage":null,"piste_cyclable":null,"arrondissement":null}},{"type":"Feature","geometry":{"type":"LineString","coordinates":[[-1.503362,12.374763],[-1.50302,12.37318],[-1.502633,12.371394],[-1.502388,12.370184],[-1.502096,12.368845],[-1.502097,12.368791]]},"properties":{"nom":"Avenue Ouadraogo Tibo Bernard","type":"Avenue","revetement":"Bitumé(BITU_VUL)","eclairage":"Eclairage électrique (EE_VUL)","piste_cyclable":null,"arrondissement":null}},{"type":"Feature","geometry":{"type":"LineString","coordinates":[[-1.488146,12.404965],[-1.4889,12.405819],[-1.488946,12.405871],[-1.489258,12.406225],[-1.489753,12.406786],[-1.49002,12.407089],[-1.490253,12.407352],[-1.490712,12.407872],[-1.491006,12.40819],[-1.49144,12.408698],[-1.491601,12.40888],[-1.491733,12.40903],[-1.492013,12.409348],[-1.492304,12.409678],[-1.492431,12.409822],[-1.492745,12.410176],[-1.493007,12.410476],[-1.493103,12.410583],[-1.493314,12.410822],[-1.493553,12.411093],[-1.493743,12.411308],[-1.494428,12.412084],[-1.494792,12.412497],[-1.495136,12.412887],[-1.495739,12.41357],[-1.496121,12.414002],[-1.496645,12.414597],[-1.497081,12.415091],[-1.497468,12.415529],[-1.498013,12.416147]]},"properties":{"nom":"Avenue de la Somalie","type":"Avenue","revetement":"Bitumé(BITU_VUL)","eclairage":"Eclairage électrique (EE_VUL)","piste_cyclable":null,"arrondissement":null}},{"type":"Feature","geometry":{"type":"LineString","coordinates":[[-1.501219,12.40152],[-1.501189,12.402256],[-1.501191,12.402482],[-1.501193,12.40278],[-1.501188,12.403726],[-1.501185,12.40418],[-1.501182,12.404704],[-1.50118,12.405033],[-1.50118,12.405644],[-1.50118,12.406234],[-1.50118,12.406342],[-1.50118,12.406807],[-1.50118,12.407327],[-1.50118,12.407791],[-1.501179,12.408345],[-1.501179,12.408981],[-1.501172,12.409701]]},"properties":{"nom":"Avenue de la Zambie","type":"Avenue","revetement":"Bitumé(BITU_VUL)","eclairage":"Eclairage électrique (EE_VUL)","piste_cyclable":null,"arrondissement":null}},{"type":"Feature","geometry":{"type":"LineString","coordinates":[[-1.50615,12.405461],[-1.504934,12.406497],[-1.504721,12.406678],[-1.503976,12.407312],[-1.503601,12.407632],[-1.503009,12.408136],[-1.50253,12.408544],[-1.501918,12.409065],[-1.501172,12.409701],[-1.50082,12.41],[-1.500358,12.410397],[-1.500002,12.41069],[-1.499611,12.411029],[-1.499239,12.411351],[-1.498563,12.411922],[-1.498136,12.412286],[-1.497732,12.41263],[-1.497173,12.413106],[-1.496868,12.413366],[-1.496614,12.413582],[-1.496121,12.414002],[-1.494986,12.414968],[-1.493932,12.415866],[-1.493516,12.41622],[-1.492449,12.417129]]},"properties":{"nom":"Avenue des Comores","type":"Avenue","revetement":"Bitumé(BITU_VUL)","eclairage":"Eclairage électrique (EE_VUL)","piste_cyclable":null,"arrondissement":null}},{"type":"Feature","geometry":{"type":"LineString","coordinates":[[-1.501527,12.337366],[-1.501882,12.337031],[-1.502454,12.336611],[-1.502774,12.336424],[-1.503104,12.336292],[-1.503415,12.336187],[-1.503731,12.336123],[-1.504474,12.336028],[-1.508143,12.335972]]},"properties":{"nom":null,"type":"Rue","revetement":"Bitumé(BITU_VUL)","eclairage":"2","piste_cyclable":"1","arrondissement":null}},{"type":"Feature","geometry":{"type":"LineString","coordinates":[[-1.499823,12.336294],[-1.500284,12.335795],[-1.500836,12.335325],[-1.501714,12.334737],[-1.502614,12.334355],[-1.503515,12.33414],[-1.504501,12.334009],[-1.507524,12.333981],[-1.508133,12.333976]]},"properties":{"nom":"Rue Zuug Silga","type":"Rue","revetement":"Bitumé(BITU_VUL)","eclairage":"2","piste_cyclable":null,"arrondissement":null}},{"type":"Feature","geometry":{"type":"LineString","coordinates":[[-1.525468,12.333479],[-1.525653,12.333767],[-1.525716,12.333891],[-1.525759,12.334007],[-1.525785,12.334096],[-1.525812,12.334195],[-1.525839,12.334326],[-1.525922,12.334879]]},"properties":{"nom":"Avenue Bassawanga","type":"Avenue","revetement":"Bitumé(BITU_VUL)","eclairage":"Eclairage électrique (EE_VUL)","piste_cyclable":null,"arrondissement":null}},{"type":"Feature","geometry":{"type":"LineString","coordinates":[[-1.526712,12.333127],[-1.526794,12.333131],[-1.526962,12.333149],[-1.527733,12.333317],[-1.528033,12.333377],[-1.528731,12.333524],[-1.529259,12.333624],[-1.529565,12.333691],[-1.530111,12.333789],[-1.530557,12.333873],[-1.530949,12.333945],[-1.531017,12.333963],[-1.531579,12.334068],[-1.531605,12.334075],[-1.531953,12.334147],[-1.53245,12.33425],[-1.533198,12.334386],[-1.533243,12.334395],[-1.533798,12.334502],[-1.534296,12.334601],[-1.535093,12.33476],[-1.535405,12.334819],[-1.53542,12.334822],[-1.536681,12.335054],[-1.536719,12.335061],[-1.536783,12.335072],[-1.537327,12.335168],[-1.537923,12.335238],[-1.538131,12.335247],[-1.538468,12.335264],[-1.538767,12.335268],[-1.539137,12.335252],[-1.539385,12.335231],[-1.540377,12.335137],[-1.541052,12.335083],[-1.541326,12.335071],[-1.541615,12.335074],[-1.54227,12.335148]]},"properties":{"nom":"Boulevard T. Polle","type":"Boulevard","revetement":"Bitumé(BITU_VUL)","eclairage":"Eclairage électrique (EE_VUL)","piste_cyclable":"Oui","arrondissement":null}},{"type":"Feature","geometry":{"type":"LineString","coordinates":[[-1.525827,12.332606],[-1.525587,12.332687],[-1.525252,12.332796]]},"properties":{"nom":null,"type":"Rue","revetement":"Bitumé(BITU_VUL)","eclairage":"Eclairage électrique (EE_VUL)","piste_cyclable":null,"arrondissement":null}},{"type":"Feature","geometry":{"type":"LineString","coordinates":[[-1.546198,12.371139],[-1.546335,12.371772],[-1.546445,12.372182],[-1.546545,12.372604]]},"properties":{"nom":"Avenue Conseil de l'Entente","type":"Avenue","revetement":"Bitumé(BITU_VUL)","eclairage":"Eclairage électrique (EE_VUL)","piste_cyclable":null,"arrondissement":null}},{"type":"Feature","geometry":{"type":"LineString","coordinates":[[-1.549476,12.37099],[-1.549578,12.371436],[-1.549681,12.371871]]},"properties":{"nom":"Avenue Conseil de l'Entente","type":"Avenue","revetement":"Bitumé(BITU_VUL)","eclairage":"Eclairage électrique (EE_VUL)","piste_cyclable":null,"arrondissement":null}},{"type":"Feature","geometry":{"type":"LineString","coordinates":[[-1.526561,12.311529],[-1.525174,12.311539],[-1.523067,12.311554],[-1.520697,12.311571],[-1.51952,12.31158],[-1.518451,12.311588],[-1.517565,12.311594],[-1.515436,12.311609]]},"properties":{"nom":null,"type":"Rue","revetement":"Bitumé(BITU_VUL)","eclairage":null,"piste_cyclable":null,"arrondissement":null}},{"type":"Feature","geometry":{"type":"LineString","coordinates":[[-1.52661,12.310634],[-1.525169,12.310673],[-1.523059,12.310679],[-1.520692,12.310686],[-1.519511,12.310689],[-1.518443,12.310692],[-1.517555,12.310694],[-1.515429,12.3107]]},"properties":{"nom":null,"type":"Rue","revetement":"Bitumé(BITU_VUL)","eclairage":null,"piste_cyclable":null,"arrondissement":null}},{"type":"Feature","geometry":{"type":"LineString","coordinates":[[-1.5176,12.314605],[-1.517594,12.314066],[-1.517587,12.313465],[-1.517577,12.312582],[-1.517571,12.312069],[-1.517565,12.311594],[-1.517555,12.310694],[-1.517548,12.310117],[-1.517541,12.309489]]},"properties":{"nom":null,"type":"Rue","revetement":"Bitumé(BITU_VUL)","eclairage":null,"piste_cyclable":null,"arrondissement":null}},{"type":"Feature","geometry":{"type":"LineString","coordinates":[[-1.50498,12.377637],[-1.50483,12.376981],[-1.5046,12.375972],[-1.504378,12.374999],[-1.50433,12.37479]]},"properties":{"nom":"avenue de l'universite","type":"Avenue","revetement":"Bitumé(BITU_VUL)","eclairage":"Eclairage électrique (EE_VUL)","piste_cyclable":null,"arrondissement":null}},{"type":"Feature","geometry":{"type":"LineString","coordinates":[[-1.558324,12.392515],[-1.558361,12.392495],[-1.558575,12.392331],[-1.558857,12.392121],[-1.558972,12.392047]]},"properties":{"nom":null,"type":"Rue","revetement":"Bitumé(BITU_VUL)","eclairage":null,"piste_cyclable":null,"arrondissement":null}},{"type":"Feature","geometry":{"type":"LineString","coordinates":[[-1.560501,12.405738],[-1.561853,12.404579],[-1.563216,12.403409],[-1.564558,12.402257],[-1.564929,12.401939]]},"properties":{"nom":"Rue 22.72","type":"Rue","revetement":"Bitumé(BITU_VUL)","eclairage":"2","piste_cyclable":null,"arrondissement":null}},{"type":"Feature","geometry":{"type":"LineString","coordinates":[[-1.515231,12.38192],[-1.515879,12.381769],[-1.519523,12.380921],[-1.527112,12.379154],[-1.532227,12.377924],[-1.535377,12.377],[-1.536473,12.376708],[-1.537039,12.376577],[-1.537597,12.376461],[-1.538124,12.37631],[-1.538669,12.376179],[-1.539207,12.376049],[-1.539807,12.375904],[-1.540359,12.375771],[-1.540921,12.375636],[-1.54145,12.375508],[-1.541839,12.375425]]},"properties":{"nom":"Avenue de la Liberté","type":"Avenue","revetement":"Bitumé(BITU_VUL)","eclairage":"Eclairage électrique (EE_VUL)","piste_cyclable":null,"arrondissement":null}},{"type":"Feature","geometry":{"type":"LineString","coordinates":[[-1.513067,12.358003],[-1.513116,12.357902],[-1.514337,12.356292],[-1.514456,12.35612],[-1.514561,12.35596],[-1.514596,12.355909],[-1.514938,12.355402],[-1.514971,12.355353],[-1.515366,12.354801],[-1.515858,12.35404],[-1.516023,12.353831],[-1.51607,12.353782]]},"properties":{"nom":"Avenue de l'aéroport","type":"Avenue","revetement":"Bitumé(BITU_VUL)","eclairage":"Eclairage électrique (EE_VUL)","piste_cyclable":null,"arrondissement":null}},{"type":"Feature","geometry":{"type":"LineString","coordinates":[[-1.54227,12.335148],[-1.542576,12.335219],[-1.542799,12.335282],[-1.543022,12.335359],[-1.543233,12.335441],[-1.543434,12.335554],[-1.543605,12.335646],[-1.543776,12.335768],[-1.545921,12.337245],[-1.547706,12.338496],[-1.548199,12.338881],[-1.549338,12.339657],[-1.55009,12.340198],[-1.550512,12.340501],[-1.551575,12.341262],[-1.55229,12.341888],[-1.553316,12.343436],[-1.553427,12.343635],[-1.554102,12.344725],[-1.554446,12.345281],[-1.554901,12.346016],[-1.555327,12.346706],[-1.555724,12.347472],[-1.555999,12.348002],[-1.556129,12.348209],[-1.556251,12.348403],[-1.557596,12.350666]]},"properties":{"nom":"Boulevard T. Benda","type":"Boulevard","revetement":"Bitumé(BITU_VUL)","eclairage":"Eclairage électrique (EE_VUL)","piste_cyclable":"Oui","arrondissement":null}},{"type":"Feature","geometry":{"type":"LineString","coordinates":[[-1.56449,12.375983],[-1.564359,12.376017],[-1.563637,12.376187],[-1.562515,12.376451],[-1.561379,12.376729],[-1.560728,12.376879],[-1.56029,12.376994],[-1.559162,12.377269],[-1.558365,12.377463],[-1.557555,12.377661],[-1.557253,12.377734],[-1.556774,12.377851],[-1.556672,12.377876],[-1.556085,12.378019],[-1.554822,12.378327],[-1.553754,12.378587],[-1.552621,12.378863],[-1.551974,12.379025],[-1.551325,12.379169],[-1.550871,12.379289],[-1.550366,12.379412],[-1.549208,12.379696],[-1.548569,12.379884]]},"properties":{"nom":"Rue Waag Kiégba","type":"Rue","revetement":"Bitumé(BITU_VUL)","eclairage":null,"piste_cyclable":null,"arrondissement":null}},{"type":"Feature","geometry":{"type":"LineString","coordinates":[[-1.536909,12.355567],[-1.538099,12.355566],[-1.538441,12.355509],[-1.538479,12.355512],[-1.538746,12.355539],[-1.538821,12.355643],[-1.538875,12.355719],[-1.538991,12.355865],[-1.539112,12.356035],[-1.539415,12.356461],[-1.539766,12.356953],[-1.540109,12.357466],[-1.540448,12.357964],[-1.540798,12.358448],[-1.541168,12.358978],[-1.541506,12.359453],[-1.541842,12.359925],[-1.541873,12.359968],[-1.541907,12.360013]]},"properties":{"nom":"Avenue Ouezzin Coulibaly","type":"Avenue","revetement":"Bitumé(BITU_VUL)","eclairage":"Eclairage électrique (EE_VUL)","piste_cyclable":null,"arrondissement":null}},{"type":"Feature","geometry":{"type":"LineString","coordinates":[[-1.528803,12.309416],[-1.528708,12.309411],[-1.527901,12.309435],[-1.526561,12.309429],[-1.525161,12.309438],[-1.523048,12.309452],[-1.521607,12.309462],[-1.520684,12.309468],[-1.519386,12.309477],[-1.518433,12.309483],[-1.517541,12.309489],[-1.516856,12.309489],[-1.515419,12.309504]]},"properties":{"nom":null,"type":"Rue","revetement":"Bitumé(BITU_VUL)","eclairage":null,"piste_cyclable":null,"arrondissement":null}},{"type":"Feature","geometry":{"type":"LineString","coordinates":[[-1.526609,12.309428],[-1.52661,12.310063],[-1.52661,12.310669],[-1.52661,12.311528],[-1.52661,12.312003],[-1.52661,12.312532],[-1.52661,12.313411],[-1.52661,12.314017],[-1.526609,12.314589]]},"properties":{"nom":"Rue de Génège","type":"Rue","revetement":"Bitumé(BITU_VUL)","eclairage":"2","piste_cyclable":null,"arrondissement":null}},{"type":"Feature","geometry":{"type":"LineString","coordinates":[[-1.52864,12.314587],[-1.528526,12.314586],[-1.527719,12.314588],[-1.52717,12.314589],[-1.526561,12.31459],[-1.52566,12.314592],[-1.525193,12.314592],[-1.523579,12.314595],[-1.523095,12.314596],[-1.522478,12.314597],[-1.520716,12.3146],[-1.518913,12.314648],[-1.518476,12.314647],[-1.517503,12.31464],[-1.51663,12.314607],[-1.516072,12.314608],[-1.515461,12.314609],[-1.51484,12.31461],[-1.513091,12.314613],[-1.512306,12.314614],[-1.51143,12.314616],[-1.510825,12.314617]]},"properties":{"nom":null,"type":"Rue","revetement":"Bitumé(BITU_VUL)","eclairage":null,"piste_cyclable":null,"arrondissement":null}},{"type":"Feature","geometry":{"type":"LineString","coordinates":[[-1.513102,12.314092],[-1.515457,12.314079],[-1.517594,12.314066],[-1.518471,12.314062],[-1.520713,12.31405],[-1.52309,12.314037],[-1.525189,12.314025],[-1.526561,12.314017],[-1.527738,12.314011]]},"properties":{"nom":null,"type":"Rue","revetement":"Bitumé(BITU_VUL)","eclairage":null,"piste_cyclable":null,"arrondissement":null}},{"type":"Feature","geometry":{"type":"LineString","coordinates":[[-1.528687,12.31253],[-1.527786,12.312526],[-1.526561,12.312533],[-1.52518,12.31254],[-1.523076,12.312552],[-1.520703,12.312565],[-1.518459,12.312577],[-1.517577,12.312582],[-1.515444,12.312594]]},"properties":{"nom":"Rue Bougoraou Ouèdraogo","type":"Rue","revetement":"Bitumé(BITU_VUL)","eclairage":"2","piste_cyclable":null,"arrondissement":null}},{"type":"Feature","geometry":{"type":"LineString","coordinates":[[-1.52521,12.30942],[-1.525214,12.310054],[-1.525217,12.310655],[-1.525223,12.31152],[-1.525225,12.311995],[-1.525229,12.312522],[-1.525234,12.313397],[-1.525237,12.314006],[-1.525241,12.314574],[-1.525244,12.315176],[-1.525248,12.31578],[-1.52525,12.316085],[-1.525253,12.316619],[-1.525256,12.317163],[-1.525258,12.317459]]},"properties":{"nom":null,"type":"Rue","revetement":"Bitumé(BITU_VUL)","eclairage":null,"piste_cyclable":null,"arrondissement":null}},{"type":"Feature","geometry":{"type":"LineString","coordinates":[[-1.528461,12.316095],[-1.527671,12.316092],[-1.52715,12.316094],[-1.525693,12.316101],[-1.525202,12.316103],[-1.523596,12.31611],[-1.523109,12.316113],[-1.522458,12.316116],[-1.521753,12.316119],[-1.521276,12.316121],[-1.520726,12.316123],[-1.51988,12.316127],[-1.519048,12.316131],[-1.518488,12.316134]]},"properties":{"nom":null,"type":"Rue","revetement":"Bitumé(BITU_VUL)","eclairage":null,"piste_cyclable":null,"arrondissement":null}},{"type":"Feature","geometry":{"type":"LineString","coordinates":[[-1.523032,12.307797],[-1.521622,12.307806],[-1.520673,12.307811],[-1.520026,12.307815],[-1.519359,12.30782],[-1.518419,12.307825],[-1.516376,12.307838],[-1.515405,12.307844]]},"properties":{"nom":null,"type":"Rue","revetement":"Bitumé(BITU_VUL)","eclairage":null,"piste_cyclable":null,"arrondissement":null}},{"type":"Feature","geometry":{"type":"LineString","coordinates":[[-1.516389,12.305844],[-1.516423,12.306793],[-1.516416,12.307838]]},"properties":{"nom":null,"type":"Rue","revetement":"Bitumé(BITU_VUL)","eclairage":null,"piste_cyclable":null,"arrondissement":null}},{"type":"Feature","geometry":{"type":"LineString","coordinates":[[-1.516423,12.306793],[-1.517074,12.306791],[-1.518411,12.306788],[-1.519343,12.306786],[-1.520026,12.306784]]},"properties":{"nom":null,"type":"Rue","revetement":"Bitumé(BITU_VUL)","eclairage":null,"piste_cyclable":null,"arrondissement":null}},{"type":"Feature","geometry":{"type":"LineString","coordinates":[[-1.520026,12.307815],[-1.520026,12.306784],[-1.520025,12.306325],[-1.520025,12.30582]]},"properties":{"nom":null,"type":"Rue","revetement":"Bitumé(BITU_VUL)","eclairage":null,"piste_cyclable":null,"arrondissement":null}},{"type":"Feature","geometry":{"type":"LineString","coordinates":[[-1.519343,12.306786],[-1.519359,12.30782],[-1.519373,12.308625],[-1.519386,12.309477]]},"properties":{"nom":null,"type":"Rue","revetement":"Bitumé(BITU_VUL)","eclairage":null,"piste_cyclable":null,"arrondissement":null}},{"type":"Feature","geometry":{"type":"LineString","coordinates":[[-1.519373,12.308625],[-1.520721,12.308586]]},"properties":{"nom":null,"type":"Rue","revetement":"Bitumé(BITU_VUL)","eclairage":null,"piste_cyclable":null,"arrondissement":null}},{"type":"Feature","geometry":{"type":"LineString","coordinates":[[-1.520716,12.307835],[-1.520721,12.308659],[-1.520727,12.309492],[-1.520731,12.310122],[-1.520734,12.310709],[-1.52074,12.311595],[-1.520743,12.31207],[-1.520746,12.312588],[-1.520752,12.313462],[-1.520755,12.314073],[-1.520759,12.314623],[-1.520761,12.31499],[-1.520765,12.31557],[-1.520768,12.316123]]},"properties":{"nom":null,"type":"Rue","revetement":"Bitumé(BITU_VUL)","eclairage":null,"piste_cyclable":null,"arrondissement":null}},{"type":"Feature","geometry":{"type":"LineString","coordinates":[[-1.523096,12.308581],[-1.521614,12.308616]]},"properties":{"nom":null,"type":"Rue","revetement":"Bitumé(BITU_VUL)","eclairage":null,"piste_cyclable":null,"arrondissement":null}},{"type":"Feature","geometry":{"type":"LineString","coordinates":[[-1.521639,12.305809],[-1.521622,12.307806],[-1.521614,12.308616],[-1.521607,12.309462]]},"properties":{"nom":null,"type":"Rue","revetement":"Bitumé(BITU_VUL)","eclairage":null,"piste_cyclable":null,"arrondissement":null}},{"type":"Feature","geometry":{"type":"LineString","coordinates":[[-1.518426,12.308623],[-1.516864,12.308627]]},"properties":{"nom":null,"type":"Rue","revetement":"Bitumé(BITU_VUL)","eclairage":null,"piste_cyclable":null,"arrondissement":null}},{"type":"Feature","geometry":{"type":"LineString","coordinates":[[-1.506552,12.305909],[-1.506559,12.307584],[-1.50656,12.307827],[-1.506568,12.30965],[-1.506571,12.310181],[-1.506574,12.310843],[-1.506579,12.312002],[-1.50658,12.312258],[-1.506586,12.313425],[-1.506589,12.314089],[-1.506591,12.314624],[-1.506598,12.316193],[-1.506605,12.317596]]},"properties":{"nom":"Rue El Adj G. Ousmane","type":"Rue","revetement":"Bitumé(BITU_VUL)","eclairage":"2","piste_cyclable":null,"arrondissement":null}},{"type":"Feature","geometry":{"type":"LineString","coordinates":[[-1.50656,12.307827],[-1.505794,12.307845],[-1.50553,12.307847],[-1.505029,12.30785],[-1.504377,12.307853],[-1.503716,12.307858],[-1.502737,12.307864],[-1.502609,12.307882]]},"properties":{"nom":null,"type":"Rue","revetement":"Bitumé(BITU_VUL)","eclairage":null,"piste_cyclable":null,"arrondissement":null}},{"type":"Feature","geometry":{"type":"LineString","coordinates":[[-1.510741,12.301059],[-1.510747,12.301716],[-1.510757,12.302824],[-1.510763,12.303431],[-1.510785,12.305801],[-1.510786,12.305881],[-1.510791,12.306395]]},"properties":{"nom":null,"type":"Rue","revetement":"Bitumé(BITU_VUL)","eclairage":null,"piste_cyclable":null,"arrondissement":null}},{"type":"Feature","geometry":{"type":"LineString","coordinates":[[-1.513147,12.414564],[-1.513236,12.413493],[-1.513301,12.412904],[-1.513357,12.412291],[-1.513413,12.411744],[-1.513569,12.410205],[-1.513686,12.409036],[-1.513721,12.408723],[-1.513757,12.408426],[-1.513856,12.407364],[-1.514068,12.405454],[-1.514087,12.40522],[-1.514113,12.404927],[-1.51421,12.403937],[-1.514358,12.402399],[-1.514411,12.401405],[-1.514437,12.40089],[-1.514447,12.400735],[-1.514495,12.399647],[-1.514516,12.399211],[-1.514531,12.398918],[-1.514569,12.398159]]},"properties":{"nom":null,"type":"Rue","revetement":"Bitumé(BITU_VUL)","eclairage":"2","piste_cyclable":null,"arrondissement":null}},{"type":"Feature","geometry":{"type":"LineString","coordinates":[[-1.524057,12.379843],[-1.524302,12.380819],[-1.524547,12.381846],[-1.524814,12.382867],[-1.525067,12.383854],[-1.525302,12.384843]]},"properties":{"nom":"Avenue Dr. Issoufou J. Conombo","type":"Avenue","revetement":"Bitumé(BITU_VUL)","eclairage":"Eclairage électrique (EE_VUL)","piste_cyclable":null,"arrondissement":null}},{"type":"Feature","geometry":{"type":"LineString","coordinates":[[-1.515485,12.31754],[-1.515474,12.316149],[-1.515461,12.314609],[-1.515457,12.314079],[-1.515452,12.313483],[-1.515444,12.312594],[-1.51544,12.312099]]},"properties":{"nom":null,"type":"Rue","revetement":"Bitumé(BITU_VUL)","eclairage":"2","piste_cyclable":null,"arrondissement":null}},{"type":"Feature","geometry":{"type":"LineString","coordinates":[[-1.510758,12.307809],[-1.510787,12.309636],[-1.51079,12.310157],[-1.510796,12.31083],[-1.510794,12.311971]]},"properties":{"nom":null,"type":"Rue","revetement":"Bitumé(BITU_VUL)","eclairage":null,"piste_cyclable":null,"arrondissement":null}},{"type":"Feature","geometry":{"type":"LineString","coordinates":[[-1.518488,12.316134],[-1.517855,12.316137],[-1.516629,12.316143],[-1.516082,12.316145],[-1.515474,12.316149],[-1.514853,12.316152],[-1.514206,12.316156],[-1.513655,12.316158],[-1.513083,12.316161],[-1.512067,12.316166],[-1.511426,12.316169],[-1.510828,12.316172],[-1.510181,12.316175],[-1.509665,12.316178],[-1.509115,12.316181],[-1.508381,12.316185],[-1.507811,12.316187],[-1.507204,12.31619],[-1.506598,12.316193],[-1.505072,12.316182],[-1.503699,12.316208],[-1.502684,12.316213]]},"properties":{"nom":null,"type":"Rue","revetement":"Bitumé(BITU_VUL)","eclairage":null,"piste_cyclable":null,"arrondissement":null}},{"type":"Feature","geometry":{"type":"LineString","coordinates":[[-1.508361,12.310171],[-1.508373,12.31086],[-1.508393,12.312007],[-1.508397,12.312264],[-1.508417,12.31342],[-1.508429,12.314107]]},"properties":{"nom":null,"type":"Rue","revetement":"Bitumé(BITU_VUL)","eclairage":null,"piste_cyclable":null,"arrondissement":null}},{"type":"Feature","geometry":{"type":"LineString","coordinates":[[-1.513058,12.310143],[-1.513085,12.310777],[-1.512601,12.311058]]},"properties":{"nom":null,"type":"Rue","revetement":"Bitumé(BITU_VUL)","eclairage":null,"piste_cyclable":null,"arrondissement":null}},{"type":"Feature","geometry":{"type":"LineString","coordinates":[[-1.513085,12.310777],[-1.513301,12.311105],[-1.513464,12.311599],[-1.513521,12.312099],[-1.513446,12.312688],[-1.51326,12.313224],[-1.51312,12.313444],[-1.513102,12.314092],[-1.513091,12.314613]]},"properties":{"nom":null,"type":"Rue","revetement":"Bitumé(BITU_VUL)","eclairage":null,"piste_cyclable":null,"arrondissement":null}},{"type":"Feature","geometry":{"type":"LineString","coordinates":[[-1.528775,12.310021],[-1.527865,12.310019],[-1.526561,12.310064],[-1.525165,12.310072],[-1.523054,12.310085],[-1.520688,12.310098],[-1.518438,12.310112],[-1.517548,12.310117],[-1.515424,12.310129],[-1.514892,12.310132],[-1.51368,12.31014],[-1.513058,12.310143],[-1.512528,12.310146],[-1.511297,12.310154],[-1.51079,12.310157],[-1.508734,12.310169],[-1.508361,12.310171],[-1.508117,12.310172],[-1.506571,12.310181]]},"properties":{"nom":"Rue El Adj M. Joromé","type":"Rue","revetement":"Bitumé(BITU_VUL)","eclairage":"2","piste_cyclable":null,"arrondissement":null}},{"type":"Feature","geometry":{"type":"LineString","coordinates":[[-1.515394,12.30585],[-1.515404,12.307459],[-1.515405,12.307844],[-1.515419,12.309504],[-1.515424,12.310129],[-1.515429,12.3107],[-1.515436,12.311609],[-1.51544,12.312099]]},"properties":{"nom":null,"type":"Rue","revetement":"Bitumé(BITU_VUL)","eclairage":"2","piste_cyclable":null,"arrondissement":null}},{"type":"Feature","geometry":{"type":"LineString","coordinates":[[-1.520217,12.403023],[-1.519124,12.402906],[-1.518918,12.402885],[-1.517735,12.402759],[-1.516928,12.402673],[-1.516452,12.402622],[-1.515574,12.402528],[-1.514908,12.402458],[-1.514358,12.402399]]},"properties":{"nom":"Rue 23.228","type":"Rue","revetement":"Bitumé(BITU_VUL)","eclairage":"2","piste_cyclable":null,"arrondissement":null}},{"type":"Feature","geometry":{"type":"LineString","coordinates":[[-1.521914,12.380304],[-1.522195,12.381362],[-1.522448,12.382355],[-1.522699,12.383379],[-1.522947,12.384371],[-1.523194,12.38536]]},"properties":{"nom":"Avenue Dimdolobsom","type":"Avenue","revetement":"Bitumé(BITU_VUL)","eclairage":"Eclairage électrique (EE_VUL)","piste_cyclable":null,"arrondissement":null}},{"type":"Feature","geometry":{"type":"LineString","coordinates":[[-1.527412,12.327378],[-1.527347,12.327363],[-1.527217,12.327338],[-1.527131,12.32732],[-1.526516,12.327185],[-1.52634,12.327161],[-1.526181,12.327142],[-1.525981,12.32714],[-1.525737,12.327143],[-1.525429,12.327146],[-1.525175,12.327148],[-1.524525,12.327154],[-1.524342,12.327156],[-1.524082,12.327158],[-1.523306,12.327165],[-1.523191,12.327166],[-1.523044,12.327168],[-1.522849,12.32717],[-1.522745,12.327171],[-1.522608,12.327172],[-1.522083,12.327177],[-1.521541,12.327181],[-1.521417,12.327183],[-1.520924,12.327187],[-1.519972,12.327196],[-1.518627,12.327208],[-1.518087,12.327213],[-1.517404,12.327219],[-1.516938,12.327228],[-1.516773,12.327225],[-1.515508,12.327237],[-1.515052,12.327241]]},"properties":{"nom":"Avenue Père Joseph Wresinski","type":"Avenue","revetement":"Bitumé(BITU_VUL)","eclairage":"Eclairage électrique (EE_VUL)","piste_cyclable":null,"arrondissement":null}},{"type":"Feature","geometry":{"type":"LineString","coordinates":[[-1.518403,12.30583],[-1.518407,12.306341],[-1.518411,12.306788],[-1.518419,12.307825],[-1.518426,12.308623],[-1.518433,12.309483],[-1.518438,12.310112],[-1.518443,12.310692],[-1.518451,12.311588],[-1.518455,12.312063],[-1.518459,12.312577],[-1.518466,12.313458],[-1.518471,12.314062],[-1.518476,12.314604],[-1.518482,12.315382],[-1.518488,12.316134],[-1.518493,12.31669],[-1.518497,12.317222],[-1.5185,12.317521]]},"properties":{"nom":"Avenue du Prés. Léopol S. Sengor","type":"Avenue","revetement":"Bitumé(BITU_VUL)","eclairage":null,"piste_cyclable":null,"arrondissement":null}},{"type":"Feature","geometry":{"type":"LineString","coordinates":[[-1.467995,12.383067],[-1.468115,12.382096],[-1.468232,12.381712],[-1.468431,12.381231],[-1.469051,12.380161],[-1.470062,12.378631],[-1.470614,12.377793],[-1.471767,12.376143],[-1.472069,12.37571],[-1.472345,12.375302],[-1.472923,12.374433],[-1.473263,12.373928],[-1.473672,12.37332],[-1.473899,12.372983],[-1.474553,12.372001],[-1.474979,12.371374],[-1.475601,12.370454],[-1.475881,12.370043],[-1.476494,12.369127],[-1.476834,12.368618],[-1.477724,12.367287],[-1.478283,12.366468],[-1.479246,12.365032],[-1.480087,12.363789],[-1.480508,12.363161],[-1.480988,12.36245],[-1.481911,12.361078],[-1.482665,12.359967],[-1.483366,12.358915],[-1.483728,12.358375],[-1.484099,12.357826],[-1.484717,12.356909],[-1.485767,12.355348],[-1.486304,12.354551],[-1.48663,12.354066]]},"properties":{"nom":"Boulevard des Tensoba","type":"Boulevard","revetement":"Bitumé(BITU_VUL)","eclairage":"Eclairage électrique (EE_VUL)","piste_cyclable":"Oui","arrondissement":null}},{"type":"Feature","geometry":{"type":"LineString","coordinates":[[-1.508125,12.332956],[-1.508133,12.333976]]},"properties":{"nom":"Rue 15.25","type":"Rue","revetement":"Bitumé(BITU_VUL)","eclairage":"2","piste_cyclable":null,"arrondissement":null}},{"type":"Feature","geometry":{"type":"LineString","coordinates":[[-1.528548,12.317422],[-1.528448,12.317425],[-1.528267,12.317441],[-1.526414,12.31747],[-1.525898,12.317474],[-1.52521,12.317478],[-1.523666,12.317488],[-1.523612,12.317488],[-1.523122,12.317491],[-1.521334,12.317502],[-1.521296,12.317503],[-1.520801,12.317506],[-1.519887,12.317512],[-1.519014,12.317517],[-1.5185,12.317521],[-1.517994,12.317524],[-1.517839,12.317525],[-1.517405,12.317528],[-1.516629,12.317523],[-1.516091,12.317532],[-1.515485,12.31754],[-1.514865,12.317544],[-1.514195,12.317548],[-1.513671,12.317551],[-1.51358,12.317553],[-1.513191,12.317554],[-1.513063,12.317555],[-1.512083,12.317562],[-1.511422,12.317566],[-1.51132,12.317566],[-1.510831,12.317569],[-1.510197,12.317574],[-1.509672,12.317577],[-1.509252,12.31758],[-1.509128,12.31758],[-1.508771,12.317583],[-1.507835,12.317589],[-1.507642,12.31759],[-1.507212,12.317593],[-1.506605,12.317596],[-1.506302,12.317597],[-1.50508,12.317606],[-1.503703,12.317615],[-1.502675,12.317622],[-1.502539,12.317622],[-1.501508,12.317629],[-1.500151,12.317638],[-1.498619,12.317647],[-1.496804,12.317659],[-1.49614,12.317663],[-1.494398,12.317654]]},"properties":{"nom":null,"type":"Rue","revetement":"Bitumé(BITU_VUL)","eclairage":null,"piste_cyclable":null,"arrondissement":null}},{"type":"Feature","geometry":{"type":"LineString","coordinates":[[-1.547685,12.338568],[-1.547719,12.338453],[-1.547761,12.338308],[-1.547909,12.337804],[-1.548035,12.337376],[-1.548228,12.336718],[-1.548632,12.335317],[-1.548995,12.334107],[-1.549143,12.333602],[-1.549265,12.333188],[-1.549414,12.33268],[-1.549447,12.332567],[-1.549557,12.332193],[-1.54958,12.332114],[-1.549711,12.331667],[-1.549917,12.331039],[-1.550055,12.330502],[-1.550234,12.329886],[-1.550361,12.329454],[-1.55051,12.328945],[-1.550917,12.327562],[-1.551048,12.327115],[-1.551073,12.327031],[-1.551184,12.326652],[-1.551325,12.326173],[-1.551462,12.325704],[-1.551602,12.325229],[-1.551729,12.324797],[-1.551876,12.324296],[-1.552199,12.323196],[-1.55236,12.322647],[-1.552522,12.322097],[-1.552819,12.321083],[-1.55296,12.320611],[-1.55343,12.31904],[-1.553554,12.318625],[-1.553707,12.318112],[-1.553873,12.317554],[-1.554047,12.316972],[-1.5542,12.316463],[-1.554339,12.315997],[-1.554485,12.315506],[-1.55467,12.314889],[-1.554945,12.313967],[-1.555127,12.313357],[-1.555302,12.312772],[-1.555391,12.312477],[-1.55558,12.311843],[-1.556464,12.309801],[-1.556726,12.309195],[-1.557044,12.308585],[-1.557275,12.308143],[-1.557764,12.307204],[-1.558453,12.305884],[-1.558488,12.305808],[-1.558653,12.305367],[-1.559164,12.304039],[-1.559383,12.303545],[-1.559442,12.303453],[-1.559491,12.303377],[-1.559721,12.302941],[-1.560017,12.302539],[-1.561243,12.301037],[-1.562765,12.299361],[-1.563101,12.298991],[-1.563268,12.298807],[-1.563456,12.298603],[-1.563986,12.298029],[-1.564451,12.297525],[-1.565028,12.296901],[-1.5658,12.296064],[-1.565999,12.295847],[-1.566096,12.295749],[-1.566951,12.294893],[-1.567945,12.2939]]},"properties":{"nom":"Avenue de la Dignité","type":"Avenue","revetement":"Bitumé(BITU_VUL)","eclairage":"Eclairage électrique (EE_VUL)","piste_cyclable":"1","arrondissement":null}},{"type":"Feature","geometry":{"type":"LineString","coordinates":[[-1.577418,12.336689],[-1.578115,12.336025],[-1.578629,12.335501],[-1.578765,12.335336],[-1.579271,12.335008],[-1.579283,12.334998],[-1.579384,12.334913],[-1.579415,12.334893],[-1.579726,12.334697],[-1.580145,12.334392],[-1.580229,12.334335],[-1.580608,12.334094],[-1.580993,12.333811],[-1.58139,12.333602],[-1.581842,12.333434],[-1.582217,12.333232],[-1.582624,12.332948],[-1.583053,12.332656],[-1.583627,12.332249],[-1.583932,12.332042],[-1.584166,12.331889],[-1.584644,12.331562],[-1.584719,12.331515],[-1.58503,12.331278]]},"properties":{"nom":"Rue de Boassa","type":"Rue","revetement":"Bitumé(BITU_VUL)","eclairage":"1","piste_cyclable":null,"arrondissement":null}},{"type":"Feature","geometry":{"type":"LineString","coordinates":[[-1.56449,12.375983],[-1.564702,12.375934],[-1.564961,12.375875],[-1.565174,12.375827],[-1.56523,12.375814],[-1.565596,12.375726],[-1.565818,12.375672],[-1.566959,12.375405],[-1.56808,12.375142],[-1.569107,12.374883],[-1.569311,12.374851]]},"properties":{"nom":"Rue 19.30","type":"Rue","revetement":"Bitumé(BITU_VUL)","eclairage":null,"piste_cyclable":null,"arrondissement":null}},{"type":"Feature","geometry":{"type":"LineString","coordinates":[[-1.55399,12.384166],[-1.554097,12.38425],[-1.55423,12.384335],[-1.554406,12.384476],[-1.55457,12.38459]]},"properties":{"nom":"Avenue du Yatenga","type":"Avenue","revetement":"Bitumé(BITU_VUL)","eclairage":"Eclairage électrique (EE_VUL)","piste_cyclable":null,"arrondissement":null}},{"type":"Feature","geometry":{"type":"LineString","coordinates":[[-1.576086,12.389523],[-1.57596,12.390264],[-1.575892,12.390666],[-1.575812,12.391133],[-1.575726,12.391642],[-1.575649,12.392097],[-1.57557,12.392559],[-1.575484,12.393067],[-1.575422,12.393424],[-1.575275,12.394271],[-1.575193,12.394742],[-1.575118,12.395219],[-1.575038,12.395688],[-1.574961,12.396137],[-1.57488,12.396616],[-1.574799,12.397091],[-1.57473,12.397548],[-1.574637,12.398046],[-1.574559,12.3985],[-1.57448,12.398967],[-1.574404,12.399414],[-1.574324,12.399885],[-1.574244,12.400353],[-1.574198,12.400627],[-1.574164,12.400827],[-1.574084,12.401296],[-1.574002,12.401778],[-1.573931,12.402198],[-1.573833,12.402769],[-1.573739,12.403323],[-1.57366,12.403786],[-1.573578,12.404239],[-1.573504,12.404703],[-1.573428,12.405154],[-1.573345,12.405642],[-1.573276,12.406044]]},"properties":{"nom":"Rue naba Konkisse","type":"Rue","revetement":"Bitumé(BITU_VUL)","eclairage":null,"piste_cyclable":null,"arrondissement":null}},{"type":"Feature","geometry":{"type":"LineString","coordinates":[[-1.578495,12.403484],[-1.578565,12.403446],[-1.578909,12.403162],[-1.579244,12.402857],[-1.579334,12.402775],[-1.579462,12.402667],[-1.579816,12.402375],[-1.579956,12.402246],[-1.580241,12.402005],[-1.580392,12.401875],[-1.580774,12.401554],[-1.58106,12.401308],[-1.581117,12.401248],[-1.58117,12.401191],[-1.581217,12.401128],[-1.581275,12.401037]]},"properties":{"nom":"Rue Nana Yilen","type":"Rue","revetement":"Bitumé(BITU_VUL)","eclairage":"2","piste_cyclable":null,"arrondissement":null}},{"type":"Feature","geometry":{"type":"LineString","coordinates":[[-1.557772,12.387155],[-1.556452,12.386927],[-1.556239,12.386881],[-1.556016,12.386914],[-1.555878,12.387057],[-1.555512,12.387362],[-1.555154,12.387673],[-1.554791,12.387989],[-1.554444,12.38829],[-1.554049,12.388615],[-1.553709,12.388902],[-1.55335,12.389205],[-1.552986,12.389513],[-1.552613,12.389827],[-1.552253,12.390121],[-1.551914,12.390408],[-1.551661,12.390613],[-1.551534,12.390736],[-1.551413,12.390879],[-1.551322,12.391013],[-1.55125,12.391136],[-1.551,12.391581],[-1.55074,12.392057],[-1.55049,12.392513]]},"properties":{"nom":"Rue 22.02","type":"Rue","revetement":"Bitumé(BITU_VUL)","eclairage":null,"piste_cyclable":null,"arrondissement":null}},{"type":"Feature","geometry":{"type":"LineString","coordinates":[[-1.502016,12.400856],[-1.503304,12.399804],[-1.504796,12.398554],[-1.505173,12.398239],[-1.506977,12.396727],[-1.507216,12.394522]]},"properties":{"nom":"Rue 24.62","type":"Rue","revetement":"Bitumé(BITU_VUL)","eclairage":"2","piste_cyclable":null,"arrondissement":null}},{"type":"Feature","geometry":{"type":"LineString","coordinates":[[-1.488607,12.36833],[-1.488568,12.368939],[-1.488564,12.369047],[-1.488547,12.369556],[-1.488531,12.370023],[-1.488526,12.370153],[-1.488508,12.370673],[-1.488488,12.371252],[-1.488484,12.371372],[-1.488468,12.371824],[-1.488454,12.372244],[-1.488449,12.372392],[-1.488436,12.372904],[-1.488412,12.373468],[-1.488392,12.37404],[-1.488372,12.374622],[-1.488368,12.374719],[-1.488337,12.375624],[-1.488331,12.375803]]},"properties":{"nom":"Rue 29.13","type":"Rue","revetement":"Bitumé(BITU_VUL)","eclairage":null,"piste_cyclable":null,"arrondissement":null}},{"type":"Feature","geometry":{"type":"LineString","coordinates":[[-1.514057,12.308454],[-1.514034,12.308353],[-1.513948,12.308239],[-1.513856,12.308188],[-1.513752,12.30817],[-1.513684,12.308178],[-1.513587,12.308218],[-1.513488,12.308321],[-1.513448,12.308469],[-1.513467,12.308571],[-1.513532,12.308672],[-1.513617,12.308734],[-1.513758,12.308765],[-1.513862,12.308745],[-1.513978,12.308667],[-1.514035,12.30858],[-1.514057,12.308454]]},"properties":{"nom":null,"type":"Rue","revetement":"Bitumé(BITU_VUL)","eclairage":null,"piste_cyclable":null,"arrondissement":null}},{"type":"Feature","geometry":{"type":"LineString","coordinates":[[-1.513396,12.309128],[-1.513383,12.309038],[-1.513301,12.308909],[-1.513214,12.308854],[-1.513112,12.308831],[-1.513031,12.308837],[-1.512935,12.308876],[-1.512858,12.308945],[-1.51283,12.308988],[-1.512804,12.309056],[-1.512796,12.30914],[-1.51282,12.309239],[-1.512888,12.309336],[-1.512975,12.309392],[-1.513107,12.309417],[-1.513209,12.309395],[-1.513313,12.309326],[-1.513371,12.309241],[-1.513396,12.309128]]},"properties":{"nom":null,"type":"Rue","revetement":"Bitumé(BITU_VUL)","eclairage":null,"piste_cyclable":null,"arrondissement":null}},{"type":"Feature","geometry":{"type":"LineString","coordinates":[[-1.512437,12.308673],[-1.512414,12.308572],[-1.512328,12.308483],[-1.512236,12.308407],[-1.512132,12.308389],[-1.512064,12.308397],[-1.511967,12.308437],[-1.511868,12.308541],[-1.511828,12.308689],[-1.511847,12.30879],[-1.511912,12.308891],[-1.511997,12.308953],[-1.512138,12.308984],[-1.512242,12.308964],[-1.512358,12.308886],[-1.512415,12.308799],[-1.512437,12.308673]]},"properties":{"nom":null,"type":"Rue","revetement":"Bitumé(BITU_VUL)","eclairage":null,"piste_cyclable":null,"arrondissement":null}},{"type":"Feature","geometry":{"type":"LineString","coordinates":[[-1.513211,12.307304],[-1.51318,12.307207],[-1.513084,12.307102],[-1.51299,12.30706],[-1.512836,12.30706],[-1.512738,12.307102],[-1.512658,12.307191],[-1.512615,12.307326],[-1.512627,12.307427],[-1.512681,12.307526],[-1.512759,12.307593],[-1.512843,12.307627],[-1.512947,12.307634],[-1.513103,12.307596],[-1.513142,12.307533],[-1.51319,12.307456],[-1.513213,12.307357],[-1.513211,12.307304]]},"properties":{"nom":null,"type":"Rue","revetement":"Bitumé(BITU_VUL)","eclairage":null,"piste_cyclable":null,"arrondissement":null}},{"type":"Feature","geometry":{"type":"LineString","coordinates":[[-1.513846,12.306809],[-1.513835,12.306742],[-1.513766,12.306617],[-1.513669,12.306563],[-1.513566,12.30655],[-1.513489,12.306559],[-1.513403,12.306602],[-1.513323,12.306682],[-1.513292,12.306813],[-1.513317,12.306922],[-1.513369,12.307033],[-1.513449,12.307074],[-1.513569,12.30709],[-1.513663,12.307074],[-1.51378,12.307],[-1.513819,12.306914],[-1.513846,12.306809]]},"properties":{"nom":null,"type":"Rue","revetement":"Bitumé(BITU_VUL)","eclairage":null,"piste_cyclable":null,"arrondissement":null}},{"type":"Feature","geometry":{"type":"LineString","coordinates":[[-1.509748,12.308706],[-1.509725,12.308606],[-1.509639,12.308492],[-1.509547,12.308441],[-1.509443,12.308423],[-1.509375,12.30843],[-1.509278,12.308471],[-1.509179,12.308574],[-1.509124,12.308666],[-1.509159,12.308824],[-1.509223,12.308925],[-1.509308,12.308986],[-1.509449,12.309018],[-1.509553,12.308998],[-1.50967,12.30892],[-1.509726,12.308832],[-1.509748,12.308706]]},"properties":{"nom":null,"type":"Rue","revetement":"Bitumé(BITU_VUL)","eclairage":null,"piste_cyclable":null,"arrondissement":null}},{"type":"Feature","geometry":{"type":"LineString","coordinates":[[-1.508806,12.309163],[-1.508772,12.308993],[-1.508728,12.308955],[-1.508681,12.308914],[-1.508579,12.308869],[-1.508471,12.308863],[-1.508394,12.308884],[-1.508308,12.308938],[-1.508255,12.309016],[-1.508214,12.309173],[-1.508236,12.309263],[-1.508286,12.309342],[-1.508359,12.309401],[-1.508472,12.309439],[-1.50857,12.309435],[-1.508691,12.30938],[-1.508762,12.309304],[-1.508806,12.309163]]},"properties":{"nom":null,"type":"Rue","revetement":"Bitumé(BITU_VUL)","eclairage":null,"piste_cyclable":null,"arrondissement":null}},{"type":"Feature","geometry":{"type":"LineString","coordinates":[[-1.508149,12.308506],[-1.508126,12.308392],[-1.50807,12.308305],[-1.508026,12.308266],[-1.507921,12.308217],[-1.507824,12.308208],[-1.507741,12.308225],[-1.50765,12.308276],[-1.507566,12.308383],[-1.50754,12.308521],[-1.50756,12.308611],[-1.507616,12.308702],[-1.50769,12.308762],[-1.507818,12.308802],[-1.507919,12.308794],[-1.508074,12.308723],[-1.508115,12.308643],[-1.508149,12.308506]]},"properties":{"nom":null,"type":"Rue","revetement":"Bitumé(BITU_VUL)","eclairage":null,"piste_cyclable":null,"arrondissement":null}},{"type":"Feature","geometry":{"type":"LineString","coordinates":[[-1.508944,12.307354],[-1.508912,12.307261],[-1.508842,12.307176],[-1.508758,12.307127],[-1.508656,12.307107],[-1.508581,12.307115],[-1.508521,12.307135],[-1.508413,12.30722],[-1.508365,12.307308],[-1.508352,12.307367],[-1.508359,12.30747],[-1.508382,12.307531],[-1.50843,12.307598],[-1.508519,12.307662],[-1.508625,12.30769],[-1.508691,12.307688],[-1.508795,12.307654],[-1.508901,12.307556],[-1.508941,12.307462],[-1.508944,12.307354]]},"properties":{"nom":null,"type":"Rue","revetement":"Bitumé(BITU_VUL)","eclairage":null,"piste_cyclable":null,"arrondissement":null}},{"type":"Feature","geometry":{"type":"LineString","coordinates":[[-1.508319,12.306857],[-1.508297,12.306763],[-1.508201,12.30664],[-1.5081,12.306589],[-1.50799,12.306578],[-1.507921,12.306591],[-1.507827,12.306639],[-1.507739,12.306746],[-1.50771,12.306888],[-1.507729,12.306981],[-1.507789,12.307076],[-1.507866,12.307135],[-1.507998,12.307173],[-1.5081,12.307161],[-1.508223,12.307092],[-1.508288,12.307006],[-1.508319,12.306857]]},"properties":{"nom":null,"type":"Rue","revetement":"Bitumé(BITU_VUL)","eclairage":null,"piste_cyclable":null,"arrondissement":null}},{"type":"Feature","geometry":{"type":"LineString","coordinates":[[-1.510758,12.307809],[-1.510977,12.307776],[-1.511178,12.307678],[-1.51131,12.30756],[-1.511409,12.307411],[-1.511475,12.3072],[-1.511467,12.306957],[-1.511391,12.306758],[-1.511277,12.306609],[-1.511185,12.30653],[-1.511,12.306435],[-1.510791,12.306395],[-1.510638,12.306404],[-1.510454,12.30646],[-1.510307,12.306548],[-1.510171,12.306688],[-1.510084,12.306843],[-1.510036,12.307047],[-1.510037,12.307163],[-1.510085,12.307362],[-1.510233,12.307588],[-1.510395,12.307713],[-1.510606,12.307793],[-1.510758,12.307809]]},"properties":{"nom":null,"type":"Rue","revetement":"Bitumé(BITU_VUL)","eclairage":null,"piste_cyclable":null,"arrondissement":null}},{"type":"Feature","geometry":{"type":"LineString","coordinates":[[-1.515404,12.307459],[-1.51319,12.307456]]},"properties":{"nom":null,"type":"Rue","revetement":"Bitumé(BITU_VUL)","eclairage":null,"piste_cyclable":null,"arrondissement":null}},{"type":"Feature","geometry":{"type":"LineString","coordinates":[[-1.511409,12.307411],[-1.511896,12.307813],[-1.512435,12.308237]]},"properties":{"nom":null,"type":"Rue","revetement":"Bitumé(BITU_VUL)","eclairage":null,"piste_cyclable":null,"arrondissement":null}},{"type":"Feature","geometry":{"type":"LineString","coordinates":[[-1.510085,12.307362],[-1.51004,12.307507],[-1.509906,12.307617],[-1.509662,12.307801],[-1.509136,12.308248]]},"properties":{"nom":null,"type":"Rue","revetement":"Bitumé(BITU_VUL)","eclairage":null,"piste_cyclable":null,"arrondissement":null}},{"type":"Feature","geometry":{"type":"LineString","coordinates":[[-1.506559,12.307584],[-1.50731,12.307568],[-1.508382,12.307531]]},"properties":{"nom":null,"type":"Rue","revetement":"Bitumé(BITU_VUL)","eclairage":null,"piste_cyclable":null,"arrondissement":null}},{"type":"Feature","geometry":{"type":"LineString","coordinates":[[-1.508772,12.308993],[-1.508939,12.308946],[-1.509124,12.308666]]},"properties":{"nom":null,"type":"Rue","revetement":"Bitumé(BITU_VUL)","eclairage":null,"piste_cyclable":null,"arrondissement":null}},{"type":"Feature","geometry":{"type":"LineString","coordinates":[[-1.509179,12.308574],[-1.509165,12.30842],[-1.509136,12.308248],[-1.508964,12.308156],[-1.508757,12.308127],[-1.508555,12.308166],[-1.50829,12.308324],[-1.508149,12.308506]]},"properties":{"nom":null,"type":"Rue","revetement":"Bitumé(BITU_VUL)","eclairage":null,"piste_cyclable":null,"arrondissement":null}},{"type":"Feature","geometry":{"type":"LineString","coordinates":[[-1.508074,12.308723],[-1.508124,12.308904],[-1.508255,12.309016]]},"properties":{"nom":null,"type":"Rue","revetement":"Bitumé(BITU_VUL)","eclairage":null,"piste_cyclable":null,"arrondissement":null}},{"type":"Feature","geometry":{"type":"LineString","coordinates":[[-1.508555,12.308166],[-1.50843,12.307598]]},"properties":{"nom":null,"type":"Rue","revetement":"Bitumé(BITU_VUL)","eclairage":null,"piste_cyclable":null,"arrondissement":null}},{"type":"Feature","geometry":{"type":"LineString","coordinates":[[-1.508581,12.307115],[-1.50843,12.307019],[-1.508319,12.306857],[-1.508399,12.30655],[-1.508656,12.306299],[-1.508864,12.306189],[-1.509075,12.306153],[-1.509328,12.306179],[-1.509546,12.306237],[-1.509712,12.306342],[-1.509905,12.306549],[-1.51001,12.30668],[-1.510084,12.306843]]},"properties":{"nom":null,"type":"Rue","revetement":"Bitumé(BITU_VUL)","eclairage":null,"piste_cyclable":null,"arrondissement":null}},{"type":"Feature","geometry":{"type":"LineString","coordinates":[[-1.508352,12.307367],[-1.50831,12.307268],[-1.508223,12.307092]]},"properties":{"nom":null,"type":"Rue","revetement":"Bitumé(BITU_VUL)","eclairage":null,"piste_cyclable":null,"arrondissement":null}},{"type":"Feature","geometry":{"type":"LineString","coordinates":[[-1.513383,12.309038],[-1.513422,12.308934],[-1.513532,12.308672]]},"properties":{"nom":null,"type":"Rue","revetement":"Bitumé(BITU_VUL)","eclairage":null,"piste_cyclable":null,"arrondissement":null}},{"type":"Feature","geometry":{"type":"LineString","coordinates":[[-1.513448,12.308469],[-1.513265,12.308362],[-1.512998,12.308115]]},"properties":{"nom":null,"type":"Rue","revetement":"Bitumé(BITU_VUL)","eclairage":null,"piste_cyclable":null,"arrondissement":null}},{"type":"Feature","geometry":{"type":"LineString","coordinates":[[-1.512437,12.308673],[-1.512568,12.308807],[-1.512804,12.309056]]},"properties":{"nom":null,"type":"Rue","revetement":"Bitumé(BITU_VUL)","eclairage":null,"piste_cyclable":null,"arrondissement":null}},{"type":"Feature","geometry":{"type":"LineString","coordinates":[[-1.513103,12.307596],[-1.512998,12.308115]]},"properties":{"nom":null,"type":"Rue","revetement":"Bitumé(BITU_VUL)","eclairage":null,"piste_cyclable":null,"arrondissement":null}},{"type":"Feature","geometry":{"type":"LineString","coordinates":[[-1.512836,12.30706],[-1.512989,12.307036],[-1.513072,12.307006],[-1.513175,12.306897],[-1.513223,12.306845],[-1.513292,12.306813]]},"properties":{"nom":null,"type":"Rue","revetement":"Bitumé(BITU_VUL)","eclairage":null,"piste_cyclable":null,"arrondissement":null}},{"type":"Feature","geometry":{"type":"LineString","coordinates":[[-1.492051,12.353528],[-1.490907,12.352814],[-1.490848,12.352776],[-1.490198,12.352357],[-1.489577,12.351965],[-1.489524,12.351932],[-1.48857,12.351311]]},"properties":{"nom":null,"type":"Rue","revetement":"Bitumé(BITU_VUL)","eclairage":null,"piste_cyclable":null,"arrondissement":null}},{"type":"Feature","geometry":{"type":"LineString","coordinates":[[-1.494003,12.368554],[-1.494006,12.368446],[-1.494044,12.367682],[-1.494051,12.366993],[-1.494069,12.366607],[-1.49407,12.366417],[-1.494099,12.365915],[-1.494111,12.365395],[-1.494143,12.364489],[-1.494151,12.364256],[-1.494194,12.362972],[-1.494218,12.362449],[-1.494246,12.361533],[-1.494245,12.36107],[-1.494277,12.36059],[-1.49427,12.360421],[-1.4943,12.359558],[-1.494325,12.359103]]},"properties":{"nom":"Avenue Babanguida","type":"Avenue","revetement":"Bitumé(BITU_VUL)","eclairage":"Eclairage électrique (EE_VUL)","piste_cyclable":null,"arrondissement":null}},{"type":"Feature","geometry":{"type":"LineString","coordinates":[[-1.494178,12.363001],[-1.493551,12.362979],[-1.492496,12.362942],[-1.491499,12.362907],[-1.490992,12.362889],[-1.489329,12.362831],[-1.48877,12.362795]]},"properties":{"nom":"Avenue Lamine Gueye","type":"2","revetement":"Bitumé(BITU_VUL)","eclairage":"3","piste_cyclable":null,"arrondissement":null}},{"type":"Feature","geometry":{"type":"LineString","coordinates":[[-1.497615,12.355397],[-1.498346,12.354302],[-1.498616,12.353899],[-1.498947,12.353404],[-1.499426,12.352723],[-1.499703,12.352299],[-1.499933,12.351932],[-1.499967,12.351877],[-1.50032,12.351349],[-1.500724,12.350743],[-1.500955,12.350398],[-1.501221,12.35],[-1.501794,12.349142],[-1.502139,12.348623],[-1.502818,12.347616],[-1.50306,12.347258],[-1.50374,12.346259],[-1.503998,12.345869],[-1.504284,12.345444],[-1.504383,12.345295],[-1.504516,12.345097],[-1.504737,12.344766],[-1.504993,12.344385],[-1.505202,12.344076],[-1.505663,12.343398],[-1.505917,12.343023],[-1.506839,12.341658],[-1.507756,12.340296],[-1.508459,12.339254],[-1.508662,12.338954],[-1.508831,12.338704],[-1.508914,12.338581],[-1.509291,12.338004]]},"properties":{"nom":"Avenue des Arts","type":"Avenue","revetement":"Bitumé(BITU_VUL)","eclairage":"Eclairage électrique (EE_VUL)","piste_cyclable":null,"arrondissement":null}},{"type":"Feature","geometry":{"type":"LineString","coordinates":[[-1.493707,12.376011],[-1.493728,12.375381],[-1.493751,12.374815],[-1.493774,12.374228],[-1.493784,12.37397],[-1.493791,12.373664],[-1.493809,12.373283],[-1.493816,12.37313],[-1.493838,12.372542],[-1.493858,12.372013],[-1.493881,12.371395],[-1.493901,12.370848],[-1.493909,12.370612],[-1.493918,12.370307],[-1.493919,12.370257],[-1.493944,12.369724],[-1.493966,12.369139],[-1.493981,12.368719],[-1.493987,12.368583]]},"properties":{"nom":"Avenue Babanguida","type":"Avenue","revetement":"Bitumé(BITU_VUL)","eclairage":"Eclairage électrique (EE_VUL)","piste_cyclable":null,"arrondissement":null}},{"type":"Feature","geometry":{"type":"LineString","coordinates":[[-1.48877,12.362795],[-1.48822,12.362781],[-1.487663,12.362779],[-1.48751,12.362803],[-1.487376,12.362882],[-1.487257,12.362992],[-1.486409,12.363989]]},"properties":{"nom":"Avenue Lamine Gueye","type":"Avenue","revetement":"Bitumé(BITU_VUL)","eclairage":"Eclairage électrique (EE_VUL)","piste_cyclable":null,"arrondissement":null}},{"type":"Feature","geometry":{"type":"LineString","coordinates":[[-1.490281,12.356164],[-1.488993,12.358066],[-1.488974,12.358158],[-1.488951,12.358864],[-1.488926,12.35937],[-1.488901,12.36023],[-1.488893,12.360448],[-1.488859,12.361391],[-1.488851,12.36178],[-1.488814,12.362799],[-1.488788,12.363411],[-1.488756,12.364333],[-1.488688,12.366257],[-1.488667,12.366849],[-1.488642,12.367538],[-1.488607,12.36833]]},"properties":{"nom":"rue 29.13","type":"Rue","revetement":"Bitumé(BITU_VUL)","eclairage":"2","piste_cyclable":null,"arrondissement":null}},{"type":"Feature","geometry":{"type":"LineString","coordinates":[[-1.519121,12.368986],[-1.515631,12.369756],[-1.51368,12.370171],[-1.513362,12.370236],[-1.512902,12.370342],[-1.512245,12.370485],[-1.511171,12.370765],[-1.510414,12.370948]]},"properties":{"nom":"Avenue Professeur Joseph KI-ZERBO","type":"Avenue","revetement":"Bitumé(BITU_VUL)","eclairage":"Eclairage électrique (EE_VUL)","piste_cyclable":null,"arrondissement":null}},{"type":"Feature","geometry":{"type":"LineString","coordinates":[[-1.515365,12.368593],[-1.515286,12.368611],[-1.513119,12.36908],[-1.511989,12.369319],[-1.510152,12.369715],[-1.507165,12.370409]]},"properties":{"nom":"Avenue Maurice Yameogo","type":"Avenue","revetement":"Bitumé(BITU_VUL)","eclairage":"Eclairage électrique (EE_VUL)","piste_cyclable":null,"arrondissement":null}},{"type":"Feature","geometry":{"type":"LineString","coordinates":[[-1.506663,12.367557],[-1.507643,12.367194],[-1.508663,12.366975],[-1.509478,12.3668],[-1.510777,12.366521],[-1.511311,12.366407],[-1.512453,12.366162],[-1.513038,12.366036],[-1.513086,12.366025],[-1.514446,12.365715],[-1.514662,12.365666],[-1.514693,12.365659],[-1.514717,12.365654]]},"properties":{"nom":"Avenue Houari Boumedienne","type":"Avenue","revetement":"Bitumé(BITU_VUL)","eclairage":"Eclairage électrique (EE_VUL)","piste_cyclable":null,"arrondissement":null}},{"type":"Feature","geometry":{"type":"LineString","coordinates":[[-1.521831,12.370929],[-1.52166,12.36989],[-1.521616,12.369629],[-1.521551,12.369264],[-1.521479,12.368817],[-1.521453,12.368655],[-1.52129,12.367787],[-1.521145,12.366992],[-1.521085,12.366675],[-1.520961,12.366008],[-1.52089,12.365631],[-1.520737,12.364757]]},"properties":{"nom":"Avenue Yennenga","type":"Avenue","revetement":"Bitumé(BITU_VUL)","eclairage":"Eclairage électrique (EE_VUL)","piste_cyclable":null,"arrondissement":null}},{"type":"Feature","geometry":{"type":"LineString","coordinates":[[-1.522151,12.369459],[-1.52166,12.36989]]},"properties":{"nom":"Rue du Marché","type":"Rue","revetement":"Bitumé(BITU_VUL)","eclairage":null,"piste_cyclable":null,"arrondissement":null}},{"type":"Feature","geometry":{"type":"LineString","coordinates":[[-1.516723,12.355668],[-1.516203,12.35638],[-1.516079,12.356568],[-1.515904,12.356833],[-1.515475,12.357482],[-1.515375,12.35759]]},"properties":{"nom":"Avenue de l'UEMOA","type":"Avenue","revetement":"Bitumé(BITU_VUL)","eclairage":"Eclairage électrique (EE_VUL)","piste_cyclable":null,"arrondissement":null}},{"type":"Feature","geometry":{"type":"LineString","coordinates":[[-1.53328,12.361022],[-1.532983,12.361072],[-1.532068,12.361236],[-1.531492,12.361336],[-1.530904,12.361444],[-1.530059,12.361574],[-1.529713,12.361635],[-1.528649,12.361814]]},"properties":{"nom":"Avenue Me. Pacere Frederic","type":"Avenue","revetement":"Bitumé(BITU_VUL)","eclairage":"Eclairage électrique (EE_VUL)","piste_cyclable":null,"arrondissement":null}},{"type":"Feature","geometry":{"type":"LineString","coordinates":[[-1.518597,12.353288],[-1.518274,12.353048],[-1.518016,12.352876],[-1.517897,12.352861]]},"properties":{"nom":"Avenue Yennenga","type":"Avenue","revetement":"Bitumé(BITU_VUL)","eclairage":"Eclairage électrique (EE_VUL)","piste_cyclable":null,"arrondissement":null}},{"type":"Feature","geometry":{"type":"LineString","coordinates":[[-1.540277,12.34444],[-1.539641,12.344066],[-1.539301,12.343841],[-1.539134,12.343737],[-1.538834,12.343557],[-1.537794,12.342918],[-1.537258,12.342562],[-1.536778,12.342251],[-1.535941,12.341706]]},"properties":{"nom":"Boulevard Ratag Pima","type":"Boulevard","revetement":"Bitumé(BITU_VUL)","eclairage":"Eclairage électrique (EE_VUL)","piste_cyclable":"Oui","arrondissement":null}},{"type":"Feature","geometry":{"type":"LineString","coordinates":[[-1.543419,12.345839],[-1.543029,12.345672],[-1.542394,12.345386],[-1.541826,12.345176],[-1.541565,12.345065],[-1.540865,12.34475],[-1.540277,12.34444]]},"properties":{"nom":"Boulevard Ratag Pima","type":"Boulevard","revetement":"Bitumé(BITU_VUL)","eclairage":"Eclairage électrique (EE_VUL)","piste_cyclable":"Oui","arrondissement":null}},{"type":"Feature","geometry":{"type":"LineString","coordinates":[[-1.536484,12.37169],[-1.538209,12.371576],[-1.540887,12.371344],[-1.544307,12.37116],[-1.54551,12.371082],[-1.545614,12.371071],[-1.550678,12.37072],[-1.555273,12.370355],[-1.558464,12.370094]]},"properties":{"nom":"Avenue du Mogho Naba Niandfo","type":"Avenue","revetement":"Bitumé(BITU_VUL)","eclairage":"Eclairage électrique (EE_VUL)","piste_cyclable":null,"arrondissement":null}},{"type":"Feature","geometry":{"type":"LineString","coordinates":[[-1.552098,12.363487],[-1.551568,12.363481],[-1.551005,12.363512],[-1.55018,12.363571],[-1.548862,12.363683]]},"properties":{"nom":"Avenur Yergando","type":"Avenue","revetement":"Bitumé(BITU_VUL)","eclairage":"Eclairage électrique (EE_VUL)","piste_cyclable":null,"arrondissement":null}},{"type":"Feature","geometry":{"type":"LineString","coordinates":[[-1.52129,12.367787],[-1.520159,12.368011],[-1.519367,12.368154],[-1.519029,12.367998],[-1.518932,12.367953],[-1.518794,12.367916],[-1.518659,12.367897],[-1.518538,12.367902],[-1.517743,12.368074],[-1.517236,12.368186],[-1.516642,12.368317],[-1.516015,12.36845],[-1.515446,12.368577],[-1.515365,12.368593]]},"properties":{"nom":"Avenue Ilboudo Waogyandé","type":"Avenue","revetement":"Bitumé(BITU_VUL)","eclairage":"Eclairage électrique (EE_VUL)","piste_cyclable":null,"arrondissement":null}},{"type":"Feature","geometry":{"type":"LineString","coordinates":[[-1.521453,12.368655],[-1.520313,12.368821],[-1.520127,12.368843],[-1.520053,12.368824],[-1.519974,12.368811],[-1.519896,12.368811],[-1.519216,12.368961],[-1.519121,12.368986]]},"properties":{"nom":null,"type":"Rue","revetement":"Bitumé(BITU_VUL)","eclairage":null,"piste_cyclable":null,"arrondissement":null}},{"type":"Feature","geometry":{"type":"LineString","coordinates":[[-1.51556,12.374696],[-1.51658,12.373897],[-1.517007,12.373549],[-1.517387,12.373241],[-1.517725,12.372992],[-1.51873,12.372156],[-1.518986,12.37197],[-1.519154,12.371862]]},"properties":{"nom":"Avenue d'Oubritenga","type":"Avenue","revetement":"Bitumé(BITU_VUL)","eclairage":"Eclairage électrique (EE_VUL)","piste_cyclable":null,"arrondissement":null}},{"type":"Feature","geometry":{"type":"LineString","coordinates":[[-1.531175,12.372581],[-1.527644,12.373291],[-1.52734,12.373352],[-1.527183,12.373361],[-1.526998,12.373333],[-1.52693,12.373314],[-1.52689,12.373291],[-1.526864,12.373248],[-1.526845,12.373196],[-1.526761,12.372961]]},"properties":{"nom":"Avenue Capitaine Kouanda","type":"Avenue","revetement":"Bitumé(BITU_VUL)","eclairage":"Eclairage électrique (EE_VUL)","piste_cyclable":null,"arrondissement":null}},{"type":"Feature","geometry":{"type":"LineString","coordinates":[[-1.408661,12.416972],[-1.427914,12.40758],[-1.444333,12.39968],[-1.44567,12.399122],[-1.445751,12.39909],[-1.447396,12.398513],[-1.447547,12.398462],[-1.449413,12.397874],[-1.451093,12.397462],[-1.451441,12.397376],[-1.452798,12.397043],[-1.454772,12.396566],[-1.455939,12.396278],[-1.456098,12.396238],[-1.456237,12.396204],[-1.456807,12.396062],[-1.457541,12.395881],[-1.459155,12.395482],[-1.459278,12.395452],[-1.459456,12.395408],[-1.459929,12.395293],[-1.461743,12.394842],[-1.463234,12.394473],[-1.464757,12.394096],[-1.465238,12.393978],[-1.465512,12.39391]]},"properties":{"nom":"Avenue Zamsé","type":"Avenue","revetement":"Bitumé(BITU_VUL)","eclairage":"Eclairage électrique (EE_VUL)","piste_cyclable":null,"arrondissement":null}},{"type":"Feature","geometry":{"type":"LineString","coordinates":[[-1.623097,12.403845],[-1.623344,12.404271],[-1.623619,12.404815],[-1.624191,12.405959],[-1.624632,12.406813],[-1.624781,12.407101],[-1.624918,12.407366],[-1.625395,12.408286],[-1.625522,12.408532],[-1.625581,12.408645],[-1.625875,12.409214],[-1.626104,12.409657],[-1.626288,12.410013],[-1.626823,12.411046],[-1.626974,12.411552],[-1.627056,12.411824],[-1.627085,12.41192],[-1.627446,12.413125],[-1.627611,12.413675],[-1.628102,12.415446],[-1.628161,12.415794],[-1.628213,12.416313],[-1.628183,12.416702],[-1.628153,12.416934],[-1.628102,12.417269],[-1.628082,12.417364],[-1.627976,12.417731],[-1.627806,12.418174],[-1.627555,12.418882],[-1.627146,12.419758],[-1.62661,12.421172],[-1.626538,12.421364],[-1.626434,12.421638],[-1.62632,12.421939],[-1.625818,12.423235],[-1.624578,12.426287],[-1.624232,12.426663],[-1.623783,12.426934],[-1.622941,12.427266],[-1.622578,12.427342]]},"properties":{"nom":null,"type":"Rue","revetement":"Bitumé(BITU_VUL)","eclairage":null,"piste_cyclable":null,"arrondissement":null}},{"type":"Feature","geometry":{"type":"LineString","coordinates":[[-1.465512,12.39391],[-1.476274,12.391262],[-1.476575,12.391191],[-1.47665,12.391173],[-1.477055,12.391078],[-1.477476,12.390976],[-1.478977,12.390618],[-1.479242,12.390554],[-1.479271,12.390547],[-1.479513,12.390489],[-1.480293,12.390302],[-1.480876,12.390164],[-1.48191,12.389917],[-1.482526,12.38977],[-1.482826,12.389699],[-1.483649,12.389502],[-1.485713,12.388943],[-1.48778,12.388412],[-1.488272,12.388295],[-1.488752,12.388203],[-1.489683,12.387985],[-1.490676,12.387744],[-1.491789,12.387497],[-1.492896,12.387232],[-1.493514,12.387069]]},"properties":{"nom":"Avenue Pape Jean Paul II","type":"Avenue","revetement":"Bitumé(BITU_VUL)","eclairage":"Eclairage électrique (EE_VUL)","piste_cyclable":null,"arrondissement":null}},{"type":"Feature","geometry":{"type":"LineString","coordinates":[[-1.497285,12.355833],[-1.497593,12.35538]]},"properties":{"nom":"Avenue des Arts","type":"Avenue","revetement":"Bitumé(BITU_VUL)","eclairage":"Eclairage électrique (EE_VUL)","piste_cyclable":null,"arrondissement":null}},{"type":"Feature","geometry":{"type":"LineString","coordinates":[[-1.500782,12.385417],[-1.501562,12.385247]]},"properties":{"nom":"Avenue Pape Jean Paul II","type":"Avenue","revetement":"Bitumé(BITU_VUL)","eclairage":"Eclairage électrique (EE_VUL)","piste_cyclable":null,"arrondissement":null}},{"type":"Feature","geometry":{"type":"LineString","coordinates":[[-1.500373,12.38551],[-1.500782,12.385417]]},"properties":{"nom":"Avenue Pape Jean Paul II","type":"Avenue","revetement":"Bitumé(BITU_VUL)","eclairage":"Eclairage électrique (EE_VUL)","piste_cyclable":null,"arrondissement":null}},{"type":"Feature","geometry":{"type":"LineString","coordinates":[[-1.516585,12.365255],[-1.516338,12.364231],[-1.516153,12.3634],[-1.515723,12.361557],[-1.515697,12.361446],[-1.515274,12.359615]]},"properties":{"nom":"Avenue UEMOA","type":"Avenue","revetement":"Bitumé(BITU_VUL)","eclairage":"Eclairage électrique (EE_VUL)","piste_cyclable":null,"arrondissement":null}},{"type":"Feature","geometry":{"type":"LineString","coordinates":[[-1.506778,12.332953],[-1.50641,12.332838],[-1.506151,12.332774],[-1.505965,12.332735],[-1.505803,12.332697],[-1.505684,12.332662],[-1.505547,12.332614],[-1.505414,12.332556],[-1.505265,12.332481],[-1.505124,12.332401],[-1.504998,12.332317],[-1.504717,12.33209],[-1.504479,12.331904],[-1.504213,12.331689],[-1.503549,12.331259],[-1.502926,12.330861],[-1.502837,12.330754],[-1.502781,12.330636],[-1.502734,12.330548],[-1.502705,12.330383],[-1.502691,12.330278],[-1.502673,12.330118],[-1.502632,12.329867]]},"properties":{"nom":null,"type":"Rue","revetement":"Bitumé(BITU_VUL)","eclairage":"Eclairage électrique (EE_VUL)","piste_cyclable":null,"arrondissement":null}},{"type":"Feature","geometry":{"type":"LineString","coordinates":[[-1.502609,12.307882],[-1.502384,12.307884],[-1.501383,12.307894],[-1.500081,12.307906],[-1.498558,12.307921],[-1.497207,12.307934],[-1.49676,12.307939],[-1.496182,12.307944],[-1.49468,12.307959],[-1.494655,12.307959],[-1.494343,12.307962],[-1.494283,12.307962],[-1.494012,12.307965],[-1.493927,12.307966]]},"properties":{"nom":null,"type":"Rue","revetement":"Bitumé(BITU_VUL)","eclairage":null,"piste_cyclable":null,"arrondissement":null}},{"type":"Feature","geometry":{"type":"LineString","coordinates":[[-1.485988,12.314495],[-1.486511,12.31408],[-1.487644,12.313132],[-1.487813,12.31299],[-1.488309,12.312575],[-1.488492,12.312425],[-1.489136,12.311903],[-1.489301,12.31177],[-1.48969,12.31145],[-1.490492,12.310789],[-1.490947,12.310415],[-1.491386,12.310053],[-1.491782,12.309726],[-1.491837,12.309677],[-1.492124,12.309444],[-1.492913,12.308803],[-1.493053,12.308688],[-1.493383,12.308414],[-1.493927,12.307966],[-1.494223,12.307705],[-1.494281,12.307659],[-1.494346,12.307608],[-1.494569,12.30743],[-1.494688,12.307332],[-1.495245,12.30687],[-1.495505,12.306655],[-1.496207,12.306084],[-1.496311,12.305999],[-1.496409,12.305961],[-1.496563,12.305953],[-1.496727,12.305962],[-1.497254,12.305974],[-1.497917,12.305968],[-1.498547,12.305962],[-1.499186,12.305956],[-1.499658,12.305954],[-1.500007,12.305956],[-1.500071,12.305956],[-1.500576,12.305956],[-1.500823,12.305954],[-1.501353,12.305948],[-1.502607,12.305935]]},"properties":{"nom":"Avenue Paré Joseph Wresinski","type":"Avenue","revetement":"Bitumé(BITU_VUL)","eclairage":"Eclairage électrique (EE_VUL)","piste_cyclable":null,"arrondissement":null}},{"type":"Feature","geometry":{"type":"LineString","coordinates":[[-1.525827,12.332606],[-1.525613,12.332863]]},"properties":{"nom":null,"type":"Rue","revetement":"Bitumé(BITU_VUL)","eclairage":"Eclairage électrique (EE_VUL)","piste_cyclable":null,"arrondissement":null}},{"type":"Feature","geometry":{"type":"LineString","coordinates":[[-1.502588,12.328611],[-1.502441,12.329246],[-1.502412,12.329558],[-1.502399,12.32982],[-1.502383,12.329951],[-1.502361,12.33003],[-1.502326,12.3301],[-1.502281,12.330166],[-1.502232,12.330216],[-1.50216,12.330265],[-1.502053,12.330313],[-1.501945,12.330326],[-1.50149,12.330332],[-1.500765,12.330344],[-1.500593,12.330344],[-1.500491,12.330336],[-1.500349,12.330307],[-1.500145,12.330226],[-1.499993,12.330134],[-1.499926,12.330093],[-1.499762,12.329946],[-1.499521,12.329713],[-1.498988,12.329282]]},"properties":{"nom":null,"type":"Rue","revetement":"Bitumé(BITU_VUL)","eclairage":"Eclairage électrique (EE_VUL)","piste_cyclable":null,"arrondissement":null}},{"type":"Feature","geometry":{"type":"LineString","coordinates":[[-1.525828,12.332906],[-1.525779,12.332897],[-1.52574,12.332896],[-1.525697,12.332898],[-1.525656,12.332906],[-1.525608,12.332921],[-1.525542,12.332955],[-1.525504,12.332983]]},"properties":{"nom":null,"type":"Rue","revetement":"Bitumé(BITU_VUL)","eclairage":"Eclairage électrique (EE_VUL)","piste_cyclable":null,"arrondissement":null}},{"type":"Feature","geometry":{"type":"LineString","coordinates":[[-1.502607,12.305935],[-1.502744,12.305934],[-1.503716,12.305928],[-1.504381,12.305923],[-1.504999,12.305919],[-1.505794,12.305914],[-1.506552,12.305909],[-1.507421,12.305903],[-1.508283,12.305898],[-1.51032,12.305884],[-1.510786,12.305881],[-1.511736,12.305875],[-1.51327,12.305864],[-1.514861,12.305854],[-1.515394,12.30585],[-1.516389,12.305844],[-1.517065,12.305839],[-1.518403,12.30583],[-1.51926,12.305825],[-1.520025,12.30582],[-1.521166,12.305812],[-1.521639,12.305809],[-1.523014,12.3058],[-1.524098,12.3058],[-1.524905,12.305787],[-1.525624,12.305783],[-1.526191,12.305779],[-1.526503,12.305777],[-1.526763,12.305775],[-1.527362,12.305771],[-1.527433,12.305772],[-1.528023,12.305768],[-1.528091,12.305766],[-1.528547,12.305763],[-1.528816,12.305763],[-1.528926,12.305761]]},"properties":{"nom":"Avenue Pascal Zagré","type":"Avenue","revetement":"Bitumé(BITU_VUL)","eclairage":"Eclairage électrique (EE_VUL)","piste_cyclable":null,"arrondissement":null}},{"type":"Feature","geometry":{"type":"LineString","coordinates":[[-1.526093,12.333166],[-1.526126,12.33296]]},"properties":{"nom":"Boulevard France-Afrique","type":"Boulevard","revetement":"Bitumé(BITU_VUL)","eclairage":"Eclairage électrique (EE_VUL)","piste_cyclable":"Oui","arrondissement":null}},{"type":"Feature","geometry":{"type":"LineString","coordinates":[[-1.501607,12.331569],[-1.501438,12.331408],[-1.501261,12.331259],[-1.50117,12.331138],[-1.50113,12.331015],[-1.501124,12.33086],[-1.501162,12.33075],[-1.501208,12.330677],[-1.501267,12.330609],[-1.501323,12.330554],[-1.501446,12.330499],[-1.501575,12.33048],[-1.502047,12.330522],[-1.502192,12.33059],[-1.502275,12.330653],[-1.502334,12.330724],[-1.502377,12.330818],[-1.502396,12.33092],[-1.50242,12.331285],[-1.502576,12.331852]]},"properties":{"nom":null,"type":"Rue","revetement":"Bitumé(BITU_VUL)","eclairage":"Eclairage électrique (EE_VUL)","piste_cyclable":null,"arrondissement":null}},{"type":"Feature","geometry":{"type":"LineString","coordinates":[[-1.501725,12.333627],[-1.502351,12.333443],[-1.50329,12.333204],[-1.504033,12.333097],[-1.504931,12.333069],[-1.505583,12.333064],[-1.505966,12.333039],[-1.506775,12.332952]]},"properties":{"nom":null,"type":"Rue","revetement":"Bitumé(BITU_VUL)","eclairage":"Eclairage électrique (EE_VUL)","piste_cyclable":null,"arrondissement":null}},{"type":"Feature","geometry":{"type":"LineString","coordinates":[[-1.503406,12.332366],[-1.503485,12.332532],[-1.503525,12.332579],[-1.503563,12.332651],[-1.503596,12.332757],[-1.503598,12.332828],[-1.503588,12.332896],[-1.503541,12.332962],[-1.50348,12.333012],[-1.503407,12.333042],[-1.50323,12.333097],[-1.502917,12.333158],[-1.502852,12.333162],[-1.502787,12.33315],[-1.502701,12.333105],[-1.502665,12.333071],[-1.502634,12.333023],[-1.502613,12.332974],[-1.502597,12.332911],[-1.502601,12.332835],[-1.502611,12.332618],[-1.502556,12.332397]]},"properties":{"nom":null,"type":"Rue","revetement":"Bitumé(BITU_VUL)","eclairage":"Eclairage électrique (EE_VUL)","piste_cyclable":null,"arrondissement":null}},{"type":"Feature","geometry":{"type":"LineString","coordinates":[[-1.50286,12.332116],[-1.502928,12.332115],[-1.502984,12.332129],[-1.503037,12.332148],[-1.503694,12.332391],[-1.503759,12.332403],[-1.503822,12.332404],[-1.503888,12.332393],[-1.50396,12.332364],[-1.504017,12.332327],[-1.504065,12.33228],[-1.50411,12.332225],[-1.504148,12.332146],[-1.504167,12.332076],[-1.504164,12.332008],[-1.50415,12.331938],[-1.50412,12.331863],[-1.50407,12.331797],[-1.503982,12.331724],[-1.503292,12.331261],[-1.503196,12.331216],[-1.503126,12.3312],[-1.503062,12.331198],[-1.502995,12.331211],[-1.502925,12.331237],[-1.502869,12.331271],[-1.502826,12.331305],[-1.50278,12.331358],[-1.502743,12.331423],[-1.502721,12.331494],[-1.502702,12.33157],[-1.502637,12.331679],[-1.502576,12.331852]]},"properties":{"nom":null,"type":"Rue","revetement":"Bitumé(BITU_VUL)","eclairage":"Eclairage électrique (EE_VUL)","piste_cyclable":null,"arrondissement":null}},{"type":"Feature","geometry":{"type":"LineString","coordinates":[[-1.499055,12.329349],[-1.500284,12.330841],[-1.500551,12.33109],[-1.500742,12.331323],[-1.500868,12.331505],[-1.500964,12.331722],[-1.501013,12.331926],[-1.501032,12.332158],[-1.501032,12.332377],[-1.501001,12.332578],[-1.500937,12.33278],[-1.500861,12.333009],[-1.500697,12.333436],[-1.500284,12.334269],[-1.500173,12.334458],[-1.500031,12.334673]]},"properties":{"nom":null,"type":"Rue","revetement":"Bitumé(BITU_VUL)","eclairage":"Eclairage électrique (EE_VUL)","piste_cyclable":null,"arrondissement":null}},{"type":"Feature","geometry":{"type":"LineString","coordinates":[[-1.502556,12.332397],[-1.50236,12.33267],[-1.502222,12.332841],[-1.502042,12.332985],[-1.501855,12.333032],[-1.501672,12.333022],[-1.501511,12.332969],[-1.501372,12.332875],[-1.501251,12.332694],[-1.5012,12.332498],[-1.501232,12.332298],[-1.501291,12.332136],[-1.501426,12.331989],[-1.501608,12.33189],[-1.501787,12.331842],[-1.501902,12.331833],[-1.502155,12.331811]]},"properties":{"nom":null,"type":"Rue","revetement":"Bitumé(BITU_VUL)","eclairage":"Eclairage électrique (EE_VUL)","piste_cyclable":null,"arrondissement":null}},{"type":"Feature","geometry":{"type":"LineString","coordinates":[[-1.507662,12.309643],[-1.506568,12.30965]]},"properties":{"nom":null,"type":"Rue","revetement":"Bitumé(BITU_VUL)","eclairage":null,"piste_cyclable":null,"arrondissement":null}},{"type":"Feature","geometry":{"type":"LineString","coordinates":[[-1.507421,12.305903],[-1.507423,12.306199],[-1.507246,12.306377],[-1.507125,12.306579],[-1.507076,12.306794],[-1.507101,12.307058],[-1.507213,12.307326],[-1.507299,12.307451],[-1.50731,12.307568],[-1.507286,12.307748],[-1.507092,12.307978],[-1.507013,12.308087],[-1.50694,12.308221],[-1.5069,12.308468],[-1.50693,12.308757],[-1.507031,12.309003],[-1.507186,12.30917],[-1.507346,12.309298],[-1.507561,12.309415],[-1.507662,12.309643],[-1.507733,12.309721],[-1.507878,12.30987],[-1.508031,12.31],[-1.508104,12.310051],[-1.508117,12.310172]]},"properties":{"nom":null,"type":"Rue","revetement":"Bitumé(BITU_VUL)","eclairage":null,"piste_cyclable":null,"arrondissement":null}},{"type":"Feature","geometry":{"type":"LineString","coordinates":[[-1.528855,12.307755],[-1.527963,12.307781],[-1.526187,12.307774],[-1.523032,12.307797]]},"properties":{"nom":null,"type":"Rue","revetement":"Bitumé(BITU_VUL)","eclairage":null,"piste_cyclable":null,"arrondissement":null}},{"type":"Feature","geometry":{"type":"LineString","coordinates":[[-1.555345,12.382176],[-1.555381,12.382145],[-1.555445,12.382111],[-1.555525,12.382048],[-1.555588,12.381987],[-1.555642,12.381914],[-1.555661,12.381881],[-1.555687,12.381833],[-1.555732,12.381738],[-1.555778,12.381625],[-1.556219,12.379754],[-1.556723,12.377855],[-1.557095,12.376173],[-1.557644,12.373899],[-1.558194,12.371628],[-1.558445,12.370299],[-1.558464,12.370094],[-1.558485,12.369708],[-1.558524,12.368278],[-1.558753,12.362874],[-1.558867,12.361214],[-1.55883,12.360286],[-1.558762,12.359428],[-1.558742,12.359156],[-1.558686,12.358389],[-1.558636,12.357584],[-1.558578,12.356788],[-1.558495,12.355733],[-1.558422,12.354994],[-1.558361,12.354683],[-1.558229,12.354373],[-1.55801,12.353952],[-1.557885,12.353716],[-1.557651,12.353306],[-1.55739,12.352928],[-1.555996,12.351661]]},"properties":{"nom":"Boulevard Tânsoba Wam-Gôdi","type":"Boulevard","revetement":"Bitumé(BITU_VUL)","eclairage":"Eclairage électrique (EE_VUL)","piste_cyclable":"Oui","arrondissement":null}},{"type":"Feature","geometry":{"type":"LineString","coordinates":[[-1.527455,12.368606],[-1.527462,12.368613],[-1.527494,12.368628],[-1.527525,12.368632],[-1.527559,12.368624],[-1.527589,12.368606],[-1.527605,12.368588],[-1.527618,12.368557],[-1.527621,12.368531],[-1.527614,12.368498],[-1.527605,12.368481],[-1.527582,12.368456],[-1.527555,12.368442]]},"properties":{"nom":null,"type":"Rue","revetement":"Bitumé(BITU_VUL)","eclairage":null,"piste_cyclable":null,"arrondissement":null}},{"type":"Feature","geometry":{"type":"LineString","coordinates":[[-1.524618,12.369016],[-1.525774,12.368805],[-1.525867,12.36879],[-1.525976,12.368771],[-1.526729,12.368631],[-1.526908,12.368599],[-1.527122,12.368561],[-1.527189,12.368548],[-1.527206,12.368545],[-1.527228,12.368544]]},"properties":{"nom":"Rue de l'hôtel  de Ville","type":"Rue","revetement":"Bitumé(BITU_VUL)","eclairage":null,"piste_cyclable":null,"arrondissement":null}},{"type":"Feature","geometry":{"type":"LineString","coordinates":[[-1.528328,12.368367],[-1.52817,12.368367],[-1.528016,12.368381],[-1.527687,12.368428],[-1.527555,12.368442]]},"properties":{"nom":"Avenue Nelson Mandela","type":"Avenue","revetement":"Bitumé(BITU_VUL)","eclairage":"Eclairage électrique (EE_VUL)","piste_cyclable":null,"arrondissement":null}},{"type":"Feature","geometry":{"type":"LineString","coordinates":[[-1.527433,12.368486],[-1.527322,12.368517],[-1.527228,12.368544]]},"properties":{"nom":"Rue de l'hôtel  de Ville","type":"Rue","revetement":"Bitumé(BITU_VUL)","eclairage":null,"piste_cyclable":null,"arrondissement":null}},{"type":"Feature","geometry":{"type":"LineString","coordinates":[[-1.527863,12.368508],[-1.527736,12.368553],[-1.527611,12.368601]]},"properties":{"nom":null,"type":"Rue","revetement":"Bitumé(BITU_VUL)","eclairage":null,"piste_cyclable":null,"arrondissement":null}},{"type":"Feature","geometry":{"type":"LineString","coordinates":[[-1.533912,12.364869],[-1.533868,12.36499],[-1.533824,12.365089],[-1.533765,12.365172],[-1.533543,12.365467]]},"properties":{"nom":null,"type":"Avenue","revetement":"Bitumé(BITU_VUL)","eclairage":"Eclairage électrique (EE_VUL)","piste_cyclable":null,"arrondissement":null}},{"type":"Feature","geometry":{"type":"LineString","coordinates":[[-1.527455,12.368606],[-1.527449,12.368776],[-1.527425,12.368931],[-1.5274,12.369026],[-1.527345,12.369122]]},"properties":{"nom":"Avenue Nelson Mandela","type":"Avenue","revetement":"Bitumé(BITU_VUL)","eclairage":"Eclairage électrique (EE_VUL)","piste_cyclable":null,"arrondissement":null}},{"type":"Feature","geometry":{"type":"LineString","coordinates":[[-1.529974,12.368076],[-1.53017,12.368082],[-1.530812,12.368004],[-1.530839,12.368],[-1.530913,12.368003]]},"properties":{"nom":"Avenue du Yatenga","type":"Avenue","revetement":"Bitumé(BITU_VUL)","eclairage":"Eclairage électrique (EE_VUL)","piste_cyclable":null,"arrondissement":null}},{"type":"Feature","geometry":{"type":"LineString","coordinates":[[-1.534081,12.364711],[-1.534032,12.364663],[-1.53398,12.364603],[-1.533943,12.364545],[-1.533888,12.364472]]},"properties":{"nom":null,"type":"Rue","revetement":"Bitumé(BITU_VUL)","eclairage":null,"piste_cyclable":null,"arrondissement":null}},{"type":"Feature","geometry":{"type":"LineString","coordinates":[[-1.500482,12.310848],[-1.500325,12.310891],[-1.498575,12.310899],[-1.4977,12.3109],[-1.496759,12.310912],[-1.495632,12.310929],[-1.494368,12.310923],[-1.4943,12.310924]]},"properties":{"nom":null,"type":"Rue","revetement":"Bitumé(BITU_VUL)","eclairage":"2","piste_cyclable":null,"arrondissement":null}},{"type":"Feature","geometry":{"type":"LineString","coordinates":[[-1.500071,12.305956],[-1.500097,12.306957],[-1.500081,12.307906],[-1.500082,12.308327],[-1.500015,12.308706],[-1.499948,12.308971],[-1.499851,12.309218],[-1.499706,12.309518],[-1.499555,12.30974],[-1.499352,12.309941],[-1.499164,12.310074],[-1.499013,12.310144],[-1.498832,12.31019],[-1.498571,12.310223]]},"properties":{"nom":null,"type":"Rue","revetement":"Bitumé(BITU_VUL)","eclairage":null,"piste_cyclable":null,"arrondissement":null}},{"type":"Feature","geometry":{"type":"LineString","coordinates":[[-1.500104,12.312005],[-1.499962,12.312056],[-1.498581,12.312065],[-1.498053,12.312069],[-1.496767,12.312079],[-1.495576,12.312087],[-1.49436,12.312096]]},"properties":{"nom":null,"type":"Rue","revetement":"Bitumé(BITU_VUL)","eclairage":null,"piste_cyclable":null,"arrondissement":null}},{"type":"Feature","geometry":{"type":"LineString","coordinates":[[-1.49678,12.314181],[-1.497456,12.314165],[-1.498593,12.314152],[-1.498781,12.314152],[-1.498869,12.314168],[-1.498995,12.314202],[-1.499159,12.314275],[-1.499325,12.314371],[-1.499486,12.314501],[-1.49958,12.314587],[-1.499635,12.314648],[-1.49969,12.314726],[-1.499773,12.314848],[-1.499832,12.314949],[-1.499936,12.315167],[-1.499999,12.315305],[-1.50006,12.315505],[-1.500102,12.315725],[-1.500127,12.315862],[-1.500143,12.316092],[-1.500142,12.316226],[-1.500141,12.31666],[-1.500151,12.317638]]},"properties":{"nom":null,"type":"Rue","revetement":"Bitumé(BITU_VUL)","eclairage":null,"piste_cyclable":null,"arrondissement":null}},{"type":"Feature","geometry":{"type":"LineString","coordinates":[[-1.494376,12.312348],[-1.495578,12.312339],[-1.496768,12.312331],[-1.498054,12.312322],[-1.498583,12.312319],[-1.499964,12.312309],[-1.500102,12.312263]]},"properties":{"nom":null,"type":"Rue","revetement":"Bitumé(BITU_VUL)","eclairage":null,"piste_cyclable":null,"arrondissement":null}},{"type":"Feature","geometry":{"type":"LineString","coordinates":[[-1.500445,12.313398],[-1.500382,12.313465],[-1.498589,12.313473],[-1.498065,12.313476],[-1.496775,12.313479],[-1.495503,12.313481],[-1.494381,12.313492],[-1.494307,12.313491],[-1.494151,12.313492],[-1.493955,12.313459],[-1.493773,12.3134],[-1.493593,12.31332],[-1.493382,12.313164],[-1.493241,12.313032],[-1.493129,12.312877],[-1.493049,12.312698],[-1.492968,12.312465],[-1.49294,12.312253],[-1.492944,12.312183],[-1.492968,12.312008],[-1.493019,12.311795],[-1.493089,12.311634],[-1.493212,12.311443],[-1.493325,12.311315],[-1.493381,12.31126],[-1.4935,12.311165],[-1.493649,12.311074],[-1.493856,12.310992],[-1.49396,12.310964],[-1.494097,12.310935],[-1.4943,12.310924]]},"properties":{"nom":null,"type":"Rue","revetement":"Bitumé(BITU_VUL)","eclairage":"2","piste_cyclable":null,"arrondissement":null}},{"type":"Feature","geometry":{"type":"LineString","coordinates":[[-1.496727,12.305962],[-1.496732,12.306663],[-1.496745,12.306958],[-1.496737,12.307415],[-1.49676,12.307939],[-1.496742,12.308217],[-1.496746,12.308794],[-1.496747,12.309052],[-1.496751,12.309632],[-1.496755,12.310233],[-1.496759,12.310912],[-1.496767,12.312079],[-1.496768,12.312331],[-1.496775,12.313479],[-1.49678,12.314181]]},"properties":{"nom":null,"type":"Rue","revetement":"Bitumé(BITU_VUL)","eclairage":null,"piste_cyclable":null,"arrondissement":null}},{"type":"Feature","geometry":{"type":"LineString","coordinates":[[-1.498547,12.305962],[-1.498555,12.306966],[-1.498555,12.307405],[-1.498558,12.307921],[-1.498564,12.309052],[-1.498568,12.309719],[-1.498571,12.310223],[-1.498575,12.310899],[-1.498581,12.312065],[-1.498583,12.312319],[-1.498589,12.313473],[-1.498593,12.314152]]},"properties":{"nom":null,"type":"Rue","revetement":"Bitumé(BITU_VUL)","eclairage":null,"piste_cyclable":null,"arrondissement":null}},{"type":"Feature","geometry":{"type":"LineString","coordinates":[[-1.500097,12.306957],[-1.498555,12.306966],[-1.496745,12.306958]]},"properties":{"nom":null,"type":"Rue","revetement":"Bitumé(BITU_VUL)","eclairage":null,"piste_cyclable":null,"arrondissement":null}},{"type":"Feature","geometry":{"type":"LineString","coordinates":[[-1.506571,12.310181],[-1.50649,12.310192],[-1.506234,12.310132],[-1.505901,12.310006],[-1.505699,12.309835],[-1.505524,12.30963],[-1.505368,12.309411],[-1.505197,12.30901],[-1.505121,12.30877],[-1.505044,12.308424],[-1.505042,12.308317],[-1.505029,12.30785],[-1.505011,12.307187],[-1.504999,12.305919],[-1.504998,12.305838]]},"properties":{"nom":null,"type":"Rue","revetement":"Bitumé(BITU_VUL)","eclairage":null,"piste_cyclable":null,"arrondissement":null}},{"type":"Feature","geometry":{"type":"LineString","coordinates":[[-1.510718,12.312135],[-1.508939,12.312142],[-1.508376,12.312144],[-1.508248,12.312144],[-1.506715,12.312133],[-1.506563,12.312139],[-1.505144,12.312158]]},"properties":{"nom":"Rue Colonel Felix Tiemtoré","type":"Rue","revetement":"Bitumé(BITU_VUL)","eclairage":"2","piste_cyclable":null,"arrondissement":null}},{"type":"Feature","geometry":{"type":"LineString","coordinates":[[-1.51312,12.313444],[-1.512602,12.313156]]},"properties":{"nom":null,"type":"Rue","revetement":"Bitumé(BITU_VUL)","eclairage":null,"piste_cyclable":null,"arrondissement":null}},{"type":"Feature","geometry":{"type":"LineString","coordinates":[[-1.500866,12.310385],[-1.500756,12.310309],[-1.500737,12.308311]]},"properties":{"nom":null,"type":"Rue","revetement":"Bitumé(BITU_VUL)","eclairage":null,"piste_cyclable":null,"arrondissement":null}},{"type":"Feature","geometry":{"type":"LineString","coordinates":[[-1.494343,12.307962],[-1.494346,12.308318],[-1.494351,12.308821],[-1.494358,12.309646],[-1.494365,12.310246],[-1.494369,12.310617],[-1.494368,12.310923],[-1.49436,12.312096]]},"properties":{"nom":null,"type":"Rue","revetement":"Bitumé(BITU_VUL)","eclairage":null,"piste_cyclable":null,"arrondissement":null}},{"type":"Feature","geometry":{"type":"LineString","coordinates":[[-1.504377,12.307853],[-1.504381,12.305923]]},"properties":{"nom":null,"type":"Rue","revetement":"Bitumé(BITU_VUL)","eclairage":null,"piste_cyclable":null,"arrondissement":null}},{"type":"Feature","geometry":{"type":"LineString","coordinates":[[-1.494376,12.312348],[-1.494381,12.313492],[-1.494384,12.314186],[-1.494386,12.314793],[-1.494388,12.315279],[-1.49439,12.315661],[-1.494392,12.316235],[-1.494398,12.317654]]},"properties":{"nom":null,"type":"Rue","revetement":"Bitumé(BITU_VUL)","eclairage":null,"piste_cyclable":null,"arrondissement":null}},{"type":"Feature","geometry":{"type":"LineString","coordinates":[[-1.494436,12.312183],[-1.49442,12.312132],[-1.494367,12.312072],[-1.494309,12.312048],[-1.494245,12.312047],[-1.494188,12.312069],[-1.494141,12.312115],[-1.494115,12.31216],[-1.494114,12.312228],[-1.494141,12.312289],[-1.494178,12.312328],[-1.494236,12.312355],[-1.494307,12.312357],[-1.494344,12.312346],[-1.494382,12.312324],[-1.494403,12.312298],[-1.494429,12.31225],[-1.494436,12.312183]]},"properties":{"nom":null,"type":"Rue","revetement":"Bitumé(BITU_VUL)","eclairage":null,"piste_cyclable":null,"arrondissement":null}},{"type":"Feature","geometry":{"type":"LineString","coordinates":[[-1.505794,12.307845],[-1.505794,12.305914]]},"properties":{"nom":null,"type":"Rue","revetement":"Bitumé(BITU_VUL)","eclairage":null,"piste_cyclable":null,"arrondissement":null}},{"type":"Feature","geometry":{"type":"LineString","coordinates":[[-1.505042,12.308317],[-1.504378,12.308314],[-1.503845,12.308311],[-1.503727,12.308258],[-1.503716,12.307949],[-1.503716,12.307858],[-1.503716,12.305928]]},"properties":{"nom":null,"type":"Rue","revetement":"Bitumé(BITU_VUL)","eclairage":null,"piste_cyclable":null,"arrondissement":null}},{"type":"Feature","geometry":{"type":"LineString","coordinates":[[-1.494104,12.312212],[-1.492939,12.312212],[-1.492247,12.312222],[-1.491663,12.312227],[-1.489884,12.312234],[-1.489425,12.312236]]},"properties":{"nom":"Avenue Alidou Ouedraogo","type":"Avenue","revetement":"Bitumé(BITU_VUL)","eclairage":"2","piste_cyclable":null,"arrondissement":null}},{"type":"Feature","geometry":{"type":"LineString","coordinates":[[-1.509662,12.307801],[-1.50996,12.307954],[-1.510175,12.308133],[-1.510282,12.308332],[-1.510352,12.308583],[-1.510361,12.308872],[-1.510286,12.309093],[-1.510163,12.30929],[-1.509973,12.309472],[-1.50966,12.309647]]},"properties":{"nom":null,"type":"Rue","revetement":"Bitumé(BITU_VUL)","eclairage":null,"piste_cyclable":null,"arrondissement":null}},{"type":"Feature","geometry":{"type":"LineString","coordinates":[[-1.508734,12.310169],[-1.508991,12.31001],[-1.509129,12.309878],[-1.509279,12.309715],[-1.509349,12.309647],[-1.50966,12.309647],[-1.510787,12.309636],[-1.51196,12.309617],[-1.512235,12.309632]]},"properties":{"nom":null,"type":"Rue","revetement":"Bitumé(BITU_VUL)","eclairage":null,"piste_cyclable":null,"arrondissement":null}},{"type":"Feature","geometry":{"type":"LineString","coordinates":[[-1.500082,12.308327],[-1.500737,12.308311],[-1.50137,12.308311],[-1.501383,12.307894],[-1.501353,12.305948]]},"properties":{"nom":null,"type":"Rue","revetement":"Bitumé(BITU_VUL)","eclairage":null,"piste_cyclable":null,"arrondissement":null}},{"type":"Feature","geometry":{"type":"LineString","coordinates":[[-1.49808,12.316211],[-1.496782,12.316219],[-1.49616,12.316223],[-1.495542,12.316227],[-1.494392,12.316235],[-1.494322,12.316235],[-1.493846,12.316238],[-1.493363,12.316241],[-1.492923,12.316244]]},"properties":{"nom":null,"type":"Rue","revetement":"Bitumé(BITU_VUL)","eclairage":null,"piste_cyclable":null,"arrondissement":null}},{"type":"Feature","geometry":{"type":"LineString","coordinates":[[-1.49678,12.314181],[-1.496779,12.314738],[-1.496782,12.316219],[-1.496804,12.317659],[-1.496812,12.318201]]},"properties":{"nom":null,"type":"Rue","revetement":"Bitumé(BITU_VUL)","eclairage":null,"piste_cyclable":null,"arrondissement":null}},{"type":"Feature","geometry":{"type":"LineString","coordinates":[[-1.493293,12.310473],[-1.49297,12.309879],[-1.49285,12.309659]]},"properties":{"nom":null,"type":"Rue","revetement":"Bitumé(BITU_VUL)","eclairage":null,"piste_cyclable":null,"arrondissement":null}},{"type":"Feature","geometry":{"type":"LineString","coordinates":[[-1.492466,12.311337],[-1.491674,12.311335],[-1.490943,12.311324],[-1.489884,12.312234]]},"properties":{"nom":null,"type":"Rue","revetement":"Bitumé(BITU_VUL)","eclairage":null,"piste_cyclable":null,"arrondissement":null}},{"type":"Feature","geometry":{"type":"LineString","coordinates":[[-1.514885,12.309591],[-1.513927,12.309601]]},"properties":{"nom":null,"type":"Rue","revetement":"Bitumé(BITU_VUL)","eclairage":null,"piste_cyclable":null,"arrondissement":null}},{"type":"Feature","geometry":{"type":"LineString","coordinates":[[-1.514892,12.310132],[-1.514885,12.309591],[-1.514872,12.30893],[-1.514863,12.308363]]},"properties":{"nom":null,"type":"Rue","revetement":"Bitumé(BITU_VUL)","eclairage":null,"piste_cyclable":null,"arrondissement":null}},{"type":"Feature","geometry":{"type":"LineString","coordinates":[[-1.512528,12.310146],[-1.512631,12.309996],[-1.512416,12.309838],[-1.512235,12.309632]]},"properties":{"nom":null,"type":"Rue","revetement":"Bitumé(BITU_VUL)","eclairage":null,"piste_cyclable":null,"arrondissement":null}},{"type":"Feature","geometry":{"type":"LineString","coordinates":[[-1.51368,12.31014],[-1.513608,12.309946],[-1.513768,12.309807],[-1.513881,12.309697],[-1.513927,12.309601],[-1.513993,12.309514],[-1.514052,12.309419],[-1.514277,12.309251],[-1.514444,12.30911],[-1.514574,12.30894],[-1.514872,12.30893]]},"properties":{"nom":null,"type":"Rue","revetement":"Bitumé(BITU_VUL)","eclairage":null,"piste_cyclable":null,"arrondissement":null}},{"type":"Feature","geometry":{"type":"LineString","coordinates":[[-1.496182,12.307944],[-1.496163,12.306657]]},"properties":{"nom":null,"type":"Rue","revetement":"Bitumé(BITU_VUL)","eclairage":null,"piste_cyclable":null,"arrondissement":null}},{"type":"Feature","geometry":{"type":"LineString","coordinates":[[-1.496732,12.306663],[-1.496163,12.306657],[-1.494655,12.307959]]},"properties":{"nom":null,"type":"Rue","revetement":"Bitumé(BITU_VUL)","eclairage":null,"piste_cyclable":null,"arrondissement":null}},{"type":"Feature","geometry":{"type":"LineString","coordinates":[[-1.496409,12.305961],[-1.4956,12.303997],[-1.495407,12.303555],[-1.495136,12.30292],[-1.494319,12.300957]]},"properties":{"nom":"Avenue Daogo M. Sorgho","type":"Avenue","revetement":"Bitumé(BITU_VUL)","eclairage":"2","piste_cyclable":null,"arrondissement":null}},{"type":"Feature","geometry":{"type":"LineString","coordinates":[[-1.51196,12.309617],[-1.511663,12.309468],[-1.511417,12.309297],[-1.511266,12.309096],[-1.511185,12.308837],[-1.511181,12.308585],[-1.511225,12.308388],[-1.511327,12.30819],[-1.511532,12.308002],[-1.511746,12.307878],[-1.511896,12.307813]]},"properties":{"nom":null,"type":"Rue","revetement":"Bitumé(BITU_VUL)","eclairage":null,"piste_cyclable":null,"arrondissement":null}},{"type":"Feature","geometry":{"type":"LineString","coordinates":[[-1.496746,12.308794],[-1.494351,12.308821],[-1.494288,12.308822]]},"properties":{"nom":null,"type":"Rue","revetement":"Bitumé(BITU_VUL)","eclairage":null,"piste_cyclable":null,"arrondissement":null}},{"type":"Feature","geometry":{"type":"LineString","coordinates":[[-1.491664,12.314807],[-1.492124,12.314805],[-1.492382,12.314804],[-1.492869,12.314791],[-1.493347,12.314792],[-1.494314,12.314793],[-1.494386,12.314793]]},"properties":{"nom":null,"type":"Rue","revetement":"Bitumé(BITU_VUL)","eclairage":null,"piste_cyclable":null,"arrondissement":null}},{"type":"Feature","geometry":{"type":"LineString","coordinates":[[-1.494346,12.308318],[-1.494287,12.308367],[-1.492861,12.309557],[-1.49285,12.309659]]},"properties":{"nom":null,"type":"Rue","revetement":"Bitumé(BITU_VUL)","eclairage":null,"piste_cyclable":null,"arrondissement":null}},{"type":"Feature","geometry":{"type":"LineString","coordinates":[[-1.497647,12.310228],[-1.497645,12.309052]]},"properties":{"nom":null,"type":"Rue","revetement":"Bitumé(BITU_VUL)","eclairage":null,"piste_cyclable":null,"arrondissement":null}},{"type":"Feature","geometry":{"type":"LineString","coordinates":[[-1.49297,12.309879],[-1.492741,12.310046],[-1.492365,12.310329],[-1.492091,12.310627],[-1.492016,12.310738],[-1.491958,12.310845],[-1.491803,12.311101],[-1.491674,12.311335]]},"properties":{"nom":null,"type":"Rue","revetement":"Bitumé(BITU_VUL)","eclairage":null,"piste_cyclable":null,"arrondissement":null}},{"type":"Feature","geometry":{"type":"LineString","coordinates":[[-1.492124,12.314805],[-1.492098,12.313553],[-1.492016,12.313468],[-1.491877,12.313237],[-1.491755,12.312868],[-1.491684,12.31254],[-1.491666,12.312266],[-1.491667,12.312227]]},"properties":{"nom":null,"type":"Rue","revetement":"Bitumé(BITU_VUL)","eclairage":null,"piste_cyclable":null,"arrondissement":null}},{"type":"Feature","geometry":{"type":"LineString","coordinates":[[-1.498564,12.309052],[-1.497645,12.309052],[-1.497231,12.309052],[-1.496747,12.309052]]},"properties":{"nom":null,"type":"Rue","revetement":"Bitumé(BITU_VUL)","eclairage":null,"piste_cyclable":null,"arrondissement":null}},{"type":"Feature","geometry":{"type":"LineString","coordinates":[[-1.510796,12.31083],[-1.508373,12.31086],[-1.506574,12.310843],[-1.504971,12.310853]]},"properties":{"nom":null,"type":"Rue","revetement":"Bitumé(BITU_VUL)","eclairage":null,"piste_cyclable":null,"arrondissement":null}},{"type":"Feature","geometry":{"type":"LineString","coordinates":[[-1.503272,12.314534],[-1.503386,12.314502],[-1.503494,12.314466],[-1.503579,12.314433],[-1.503633,12.314411],[-1.503704,12.314379],[-1.503803,12.314331],[-1.503898,12.314279],[-1.503965,12.314239],[-1.504043,12.314189],[-1.504144,12.314118],[-1.504214,12.314065],[-1.504309,12.313985],[-1.504365,12.313934],[-1.504418,12.313883],[-1.504478,12.313822],[-1.504529,12.313766],[-1.504579,12.313707],[-1.504643,12.313628],[-1.504702,12.313547],[-1.504747,12.313481],[-1.50478,12.313428],[-1.504809,12.313381],[-1.504841,12.313324],[-1.504878,12.313256],[-1.504917,12.313176],[-1.504951,12.313099],[-1.504991,12.313],[-1.505022,12.312909],[-1.505042,12.312846],[-1.505066,12.312762],[-1.50509,12.312659],[-1.50511,12.312558],[-1.505124,12.312464],[-1.505135,12.31236],[-1.50514,12.312282],[-1.505143,12.312232],[-1.505144,12.312159],[-1.505143,12.312087],[-1.50514,12.31202],[-1.505138,12.311977],[-1.505127,12.311869],[-1.505116,12.311787],[-1.5051,12.311695],[-1.505081,12.311607],[-1.505056,12.311508],[-1.505036,12.311439],[-1.505013,12.31137],[-1.504987,12.311296],[-1.504945,12.311193],[-1.504898,12.311092],[-1.504874,12.311045],[-1.504848,12.310995],[-1.504813,12.310933],[-1.504752,12.310833],[-1.504706,12.310765],[-1.504679,12.310728],[-1.504648,12.310686],[-1.504605,12.310631],[-1.504548,12.310563],[-1.5045,12.310508],[-1.504442,12.310447],[-1.504369,12.310376],[-1.504257,12.310277],[-1.504191,12.310224],[-1.504114,12.310166],[-1.50404,12.310115],[-1.503946,12.310056],[-1.503886,12.310021],[-1.50381,12.30998],[-1.503688,12.30992],[-1.503632,12.309895],[-1.503543,12.309859],[-1.503461,12.309829],[-1.503378,12.309802]]},"properties":{"nom":null,"type":"Rue","revetement":"Bitumé(BITU_VUL)","eclairage":null,"piste_cyclable":null,"arrondissement":null}},{"type":"Feature","geometry":{"type":"LineString","coordinates":[[-1.560501,12.405738],[-1.560016,12.406141],[-1.559937,12.406188],[-1.559838,12.406224],[-1.559716,12.406227],[-1.55866,12.406098],[-1.558572,12.406075],[-1.558502,12.406029],[-1.558277,12.405778],[-1.557949,12.405438],[-1.557609,12.405055],[-1.557296,12.404702],[-1.556985,12.404343],[-1.556664,12.403982],[-1.556368,12.40365],[-1.555175,12.402267]]},"properties":{"nom":null,"type":"Rue","revetement":"Bitumé(BITU_VUL)","eclairage":"2","piste_cyclable":null,"arrondissement":null}},{"type":"Feature","geometry":{"type":"LineString","coordinates":[[-1.50478,12.313428],[-1.506586,12.313425],[-1.508417,12.31342],[-1.510822,12.313413],[-1.510921,12.31341],[-1.511325,12.313368],[-1.511629,12.313222],[-1.51193,12.312928],[-1.512112,12.312645],[-1.512205,12.312446],[-1.512222,12.312109],[-1.512187,12.31188],[-1.512133,12.311639],[-1.512007,12.311406],[-1.511852,12.311212],[-1.511668,12.31107],[-1.511443,12.310936],[-1.511152,12.310846],[-1.510914,12.310828],[-1.510796,12.31083]]},"properties":{"nom":null,"type":"Rue","revetement":"Bitumé(BITU_VUL)","eclairage":null,"piste_cyclable":null,"arrondissement":null}},{"type":"Feature","geometry":{"type":"LineString","coordinates":[[-1.50508,12.317606],[-1.505072,12.316182],[-1.505074,12.315968],[-1.505096,12.315703],[-1.505114,12.315537],[-1.505151,12.315381],[-1.5052,12.315244],[-1.50526,12.315091],[-1.505336,12.314933],[-1.505426,12.314767],[-1.505518,12.314635],[-1.505629,12.314509],[-1.505758,12.314388],[-1.50589,12.314293],[-1.506043,12.31421],[-1.506193,12.314154],[-1.506376,12.314112],[-1.506589,12.314089],[-1.507776,12.314111],[-1.508429,12.314107],[-1.509655,12.314097],[-1.510207,12.314102],[-1.510823,12.314092],[-1.511078,12.314091],[-1.511629,12.313977],[-1.511845,12.313855],[-1.512208,12.313615],[-1.512602,12.313156],[-1.512842,12.312614],[-1.512895,12.312278],[-1.512908,12.312104],[-1.512881,12.311798],[-1.512781,12.311443],[-1.512601,12.311058],[-1.512194,12.310632],[-1.511715,12.310297],[-1.511297,12.310154]]},"properties":{"nom":null,"type":"Rue","revetement":"Bitumé(BITU_VUL)","eclairage":null,"piste_cyclable":null,"arrondissement":null}},{"type":"Feature","geometry":{"type":"LineString","coordinates":[[-1.511089,12.312117],[-1.512222,12.312109],[-1.512908,12.312104],[-1.513521,12.312099],[-1.51544,12.312099],[-1.517571,12.312069],[-1.518455,12.312063],[-1.51952,12.312055],[-1.5207,12.312047],[-1.523071,12.312029],[-1.525177,12.312014],[-1.526561,12.312004],[-1.528608,12.311989],[-1.528709,12.311988]]},"properties":{"nom":null,"type":"Rue","revetement":"Bitumé(BITU_VUL)","eclairage":"2","piste_cyclable":null,"arrondissement":null}},{"type":"Feature","geometry":{"type":"LineString","coordinates":[[-1.496486,12.346893],[-1.496425,12.346853],[-1.495967,12.346547],[-1.494517,12.34558],[-1.494006,12.345239],[-1.493034,12.344595],[-1.493014,12.344582]]},"properties":{"nom":null,"type":"Rue","revetement":"Bitumé(BITU_VUL)","eclairage":null,"piste_cyclable":null,"arrondissement":null}},{"type":"Feature","geometry":{"type":"LineString","coordinates":[[-1.496751,12.309632],[-1.494358,12.309646],[-1.494292,12.309646],[-1.49285,12.309659],[-1.491837,12.309677]]},"properties":{"nom":null,"type":"Rue","revetement":"Bitumé(BITU_VUL)","eclairage":null,"piste_cyclable":null,"arrondissement":null}},{"type":"Feature","geometry":{"type":"LineString","coordinates":[[-1.492869,12.314791],[-1.493314,12.313952]]},"properties":{"nom":null,"type":"Rue","revetement":"Bitumé(BITU_VUL)","eclairage":null,"piste_cyclable":null,"arrondissement":null}},{"type":"Feature","geometry":{"type":"LineString","coordinates":[[-1.525507,12.372614],[-1.525614,12.372797],[-1.525807,12.373117]]},"properties":{"nom":"Avenue de Lyon","type":"Avenue","revetement":"Bitumé(BITU_VUL)","eclairage":"Eclairage électrique (EE_VUL)","piste_cyclable":null,"arrondissement":null}},{"type":"Feature","geometry":{"type":"LineString","coordinates":[[-1.568302,12.38796],[-1.56827,12.387989],[-1.568256,12.388003],[-1.568213,12.388056],[-1.568191,12.388093],[-1.568168,12.388147],[-1.568156,12.38819],[-1.568149,12.388228],[-1.568146,12.388265],[-1.568147,12.388305],[-1.568152,12.388347],[-1.568165,12.388399],[-1.568189,12.388458]]},"properties":{"nom":null,"type":"Rue","revetement":"Bitumé(BITU_VUL)","eclairage":"Eclairage électrique (EE_VUL)","piste_cyclable":null,"arrondissement":null}},{"type":"Feature","geometry":{"type":"LineString","coordinates":[[-1.568394,12.389002],[-1.568205,12.389809],[-1.5681,12.390275],[-1.568012,12.390662],[-1.567983,12.390794],[-1.567782,12.391681],[-1.567488,12.392984],[-1.567442,12.39319],[-1.567432,12.393232],[-1.567146,12.394501],[-1.566874,12.395706],[-1.566675,12.39659],[-1.566651,12.396696],[-1.566542,12.397178],[-1.566441,12.397627],[-1.566344,12.398053],[-1.566233,12.398546],[-1.56613,12.399004],[-1.566085,12.399202],[-1.566025,12.399467],[-1.56592,12.399933]]},"properties":{"nom":"Rue de la brigarde verte","type":"Rue","revetement":"Bitumé(BITU_VUL)","eclairage":null,"piste_cyclable":null,"arrondissement":null}},{"type":"Feature","geometry":{"type":"LineString","coordinates":[[-1.568394,12.389002],[-1.568443,12.388923],[-1.568489,12.388852],[-1.568548,12.388786],[-1.568583,12.388747],[-1.56863,12.388678]]},"properties":{"nom":null,"type":"Rue","revetement":"Bitumé(BITU_VUL)","eclairage":null,"piste_cyclable":null,"arrondissement":null}},{"type":"Feature","geometry":{"type":"LineString","coordinates":[[-1.568277,12.388573],[-1.568335,12.388763],[-1.568355,12.388849],[-1.568378,12.388945],[-1.568394,12.389002]]},"properties":{"nom":null,"type":"Rue","revetement":"Bitumé(BITU_VUL)","eclairage":null,"piste_cyclable":null,"arrondissement":null}},{"type":"Feature","geometry":{"type":"LineString","coordinates":[[-1.568799,12.387431],[-1.568666,12.387686],[-1.568623,12.387752],[-1.568559,12.38783],[-1.56851,12.387867],[-1.56844,12.387889]]},"properties":{"nom":null,"type":"Rue","revetement":"Bitumé(BITU_VUL)","eclairage":null,"piste_cyclable":null,"arrondissement":null}},{"type":"Feature","geometry":{"type":"LineString","coordinates":[[-1.568799,12.387431],[-1.568754,12.387757],[-1.568764,12.387858],[-1.568776,12.38794],[-1.568798,12.387944]]},"properties":{"nom":null,"type":"Rue","revetement":"Bitumé(BITU_VUL)","eclairage":null,"piste_cyclable":null,"arrondissement":null}},{"type":"Feature","geometry":{"type":"LineString","coordinates":[[-1.519934,12.360512],[-1.519943,12.360474],[-1.519928,12.360431],[-1.519727,12.359385],[-1.51962,12.358815],[-1.519264,12.356902],[-1.519076,12.355871],[-1.518913,12.354982],[-1.518894,12.35488],[-1.518807,12.354407],[-1.518703,12.353841],[-1.518597,12.353288]]},"properties":{"nom":"Avenue Yennenga","type":"Avenue","revetement":"Bitumé(BITU_VUL)","eclairage":"Eclairage électrique (EE_VUL)","piste_cyclable":null,"arrondissement":null}},{"type":"Feature","geometry":{"type":"LineString","coordinates":[[-1.520737,12.364757],[-1.520701,12.364557],[-1.520576,12.363792],[-1.520471,12.363205],[-1.520369,12.362622],[-1.520262,12.362031],[-1.520223,12.361836],[-1.520063,12.361051],[-1.520019,12.360902]]},"properties":{"nom":"Avenue Yennenga","type":"Avenue","revetement":"Bitumé(BITU_VUL)","eclairage":"Eclairage électrique (EE_VUL)","piste_cyclable":null,"arrondissement":null}},{"type":"Feature","geometry":{"type":"LineString","coordinates":[[-1.51607,12.353782],[-1.51627,12.353677],[-1.516356,12.353632],[-1.516864,12.35338],[-1.517366,12.353124],[-1.517401,12.353106],[-1.517442,12.353085],[-1.517897,12.352861],[-1.518866,12.352188],[-1.519361,12.351772],[-1.519642,12.351546],[-1.520696,12.350745],[-1.520933,12.350529],[-1.522202,12.349494],[-1.522643,12.349134],[-1.523504,12.348432],[-1.523775,12.348211],[-1.524037,12.347997],[-1.524278,12.347801],[-1.524534,12.347601],[-1.524639,12.34752],[-1.524769,12.347433],[-1.524914,12.347355],[-1.525095,12.347265],[-1.525372,12.34714],[-1.525681,12.34704],[-1.526033,12.346956],[-1.526266,12.346909],[-1.526404,12.34688],[-1.526427,12.346875],[-1.526539,12.346864]]},"properties":{"nom":"Avenue de la Révolution","type":"Avenue","revetement":"Bitumé(BITU_VUL)","eclairage":"Eclairage électrique (EE_VUL)","piste_cyclable":null,"arrondissement":null}},{"type":"Feature","geometry":{"type":"LineString","coordinates":[[-1.514851,12.397184],[-1.514943,12.396835],[-1.515224,12.395753],[-1.515382,12.395214],[-1.515546,12.39471],[-1.515613,12.394501],[-1.515664,12.394306],[-1.515775,12.393916],[-1.516066,12.392895],[-1.516177,12.392538],[-1.516198,12.392465],[-1.516456,12.39155],[-1.516568,12.391144],[-1.516592,12.391059],[-1.516609,12.390957],[-1.516617,12.390868],[-1.516615,12.390762],[-1.516608,12.390592]]},"properties":{"nom":"Avenue de la Concorde Nationale","type":"Avenue","revetement":"Bitumé(BITU_VUL)","eclairage":null,"piste_cyclable":null,"arrondissement":null}},{"type":"Feature","geometry":{"type":"LineString","coordinates":[[-1.514796,12.397804],[-1.514891,12.397777],[-1.514973,12.397725],[-1.515009,12.397688],[-1.515063,12.397595],[-1.515081,12.397476],[-1.515047,12.397346],[-1.514976,12.397254],[-1.514892,12.397199],[-1.514851,12.397184]]},"properties":{"nom":null,"type":"Rue","revetement":"Bitumé(BITU_VUL)","eclairage":null,"piste_cyclable":null,"arrondissement":null}},{"type":"Feature","geometry":{"type":"LineString","coordinates":[[-1.533888,12.364472],[-1.533807,12.36393],[-1.533775,12.363746],[-1.533726,12.363479],[-1.533702,12.363343],[-1.533597,12.362729],[-1.533494,12.362163],[-1.53339,12.361589],[-1.533347,12.361149],[-1.533266,12.360995],[-1.533123,12.360023],[-1.532967,12.359104]]},"properties":{"nom":"Avenue Kanazoe","type":"Avenue","revetement":"Bitumé(BITU_VUL)","eclairage":"Eclairage électrique (EE_VUL)","piste_cyclable":null,"arrondissement":null}},{"type":"Feature","geometry":{"type":"LineString","coordinates":[[-1.533543,12.365467],[-1.533145,12.365851],[-1.532128,12.366825],[-1.531952,12.366993],[-1.531679,12.367259],[-1.531346,12.367574]]},"properties":{"nom":null,"type":"Avenue","revetement":"Bitumé(BITU_VUL)","eclairage":"Eclairage électrique (EE_VUL)","piste_cyclable":null,"arrondissement":null}},{"type":"Feature","geometry":{"type":"LineString","coordinates":[[-1.531346,12.367574],[-1.531127,12.367732],[-1.531041,12.367786],[-1.530962,12.36782]]},"properties":{"nom":"Avenue Kadiogo","type":"Avenue","revetement":"Bitumé(BITU_VUL)","eclairage":"Eclairage électrique (EE_VUL)","piste_cyclable":null,"arrondissement":null}},{"type":"Feature","geometry":{"type":"LineString","coordinates":[[-1.52757,12.368809],[-1.527596,12.368688],[-1.527611,12.368601]]},"properties":{"nom":"Avenue Nelson Mandela","type":"Avenue","revetement":"Bitumé(BITU_VUL)","eclairage":"Eclairage électrique (EE_VUL)","piste_cyclable":null,"arrondissement":null}},{"type":"Feature","geometry":{"type":"LineString","coordinates":[[-1.527228,12.368544],[-1.527455,12.368606]]},"properties":{"nom":"Rue de l'hôtel  de Ville","type":"Rue","revetement":"Bitumé(BITU_VUL)","eclairage":null,"piste_cyclable":null,"arrondissement":null}},{"type":"Feature","geometry":{"type":"LineString","coordinates":[[-1.502358,12.386009],[-1.502469,12.38521],[-1.502497,12.385143],[-1.502549,12.385098],[-1.502712,12.384984],[-1.502965,12.384742]]},"properties":{"nom":"Avenue Président Thomas Sankara","type":"Avenue","revetement":"Bitumé(BITU_VUL)","eclairage":"Eclairage électrique (EE_VUL)","piste_cyclable":null,"arrondissement":null}},{"type":"Feature","geometry":{"type":"LineString","coordinates":[[-1.502965,12.384742],[-1.502847,12.384808],[-1.50276,12.384867],[-1.502683,12.384917],[-1.502555,12.384982],[-1.502532,12.384994]]},"properties":{"nom":"Avenue Président Thomas Sankara","type":"Avenue","revetement":"Bitumé(BITU_VUL)","eclairage":"Eclairage électrique (EE_VUL)","piste_cyclable":null,"arrondissement":null}},{"type":"Feature","geometry":{"type":"LineString","coordinates":[[-1.519703,12.371478],[-1.519865,12.372122],[-1.520209,12.373597],[-1.52029,12.373895],[-1.520445,12.374515],[-1.520505,12.37476]]},"properties":{"nom":"Avenue Dimdolobsom","type":"Avenue","revetement":"Bitumé(BITU_VUL)","eclairage":"Eclairage électrique (EE_VUL)","piste_cyclable":null,"arrondissement":null}},{"type":"Feature","geometry":{"type":"LineString","coordinates":[[-1.529974,12.368076],[-1.529072,12.368195],[-1.528579,12.368265],[-1.528328,12.368367]]},"properties":{"nom":"Avenue Nelson Mandela","type":"Avenue","revetement":"Bitumé(BITU_VUL)","eclairage":"Eclairage électrique (EE_VUL)","piste_cyclable":null,"arrondissement":null}},{"type":"Feature","geometry":{"type":"LineString","coordinates":[[-1.527345,12.369122],[-1.52722,12.369265],[-1.527103,12.369364]]},"properties":{"nom":"Avenue Nelson Mandela","type":"Avenue","revetement":"Bitumé(BITU_VUL)","eclairage":"Eclairage électrique (EE_VUL)","piste_cyclable":null,"arrondissement":null}},{"type":"Feature","geometry":{"type":"LineString","coordinates":[[-1.527345,12.369122],[-1.527479,12.36895],[-1.52757,12.368809],[-1.527657,12.368699],[-1.527719,12.368631],[-1.527863,12.368508]]},"properties":{"nom":"Avenue Nelson Mandela","type":"Avenue","revetement":"Bitumé(BITU_VUL)","eclairage":"Eclairage électrique (EE_VUL)","piste_cyclable":null,"arrondissement":null}},{"type":"Feature","geometry":{"type":"LineString","coordinates":[[-1.502532,12.384994],[-1.502416,12.385035],[-1.502346,12.385055]]},"properties":{"nom":"Avenue Pape Jean Paul II","type":"Avenue","revetement":"Bitumé(BITU_VUL)","eclairage":"Eclairage électrique (EE_VUL)","piste_cyclable":null,"arrondissement":null}},{"type":"Feature","geometry":{"type":"LineString","coordinates":[[-1.502482,12.385103],[-1.502542,12.385079],[-1.502641,12.385029],[-1.502703,12.38499]]},"properties":{"nom":"Avenue Président Thomas Sankara","type":"Avenue","revetement":"Bitumé(BITU_VUL)","eclairage":"Eclairage électrique (EE_VUL)","piste_cyclable":null,"arrondissement":null}},{"type":"Feature","geometry":{"type":"LineString","coordinates":[[-1.524589,12.363861],[-1.524766,12.364141],[-1.524973,12.364517],[-1.525058,12.364708],[-1.525115,12.364868],[-1.525532,12.367024],[-1.525551,12.367132],[-1.525683,12.367896],[-1.525849,12.368694],[-1.525867,12.36879],[-1.525886,12.368875],[-1.526084,12.369881],[-1.526089,12.369902],[-1.526103,12.369974]]},"properties":{"nom":"Rue Joseph Badoua","type":"Rue","revetement":"Bitumé(BITU_VUL)","eclairage":null,"piste_cyclable":null,"arrondissement":null}},{"type":"Feature","geometry":{"type":"LineString","coordinates":[[-1.499087,12.316401],[-1.499217,12.316417],[-1.499317,12.316404],[-1.499364,12.316356],[-1.499407,12.316273],[-1.499409,12.31622],[-1.4994,12.316127],[-1.499362,12.316076],[-1.499335,12.316039],[-1.499286,12.31603],[-1.499215,12.316026],[-1.499123,12.316048],[-1.499089,12.31606]]},"properties":{"nom":null,"type":"Rue","revetement":"Bitumé(BITU_VUL)","eclairage":null,"piste_cyclable":null,"arrondissement":null}},{"type":"Feature","geometry":{"type":"LineString","coordinates":[[-1.498609,12.316734],[-1.498619,12.317647]]},"properties":{"nom":null,"type":"Rue","revetement":"Bitumé(BITU_VUL)","eclairage":null,"piste_cyclable":null,"arrondissement":null}},{"type":"Feature","geometry":{"type":"LineString","coordinates":[[-1.498607,12.315719],[-1.498593,12.314152]]},"properties":{"nom":null,"type":"Rue","revetement":"Bitumé(BITU_VUL)","eclairage":null,"piste_cyclable":null,"arrondissement":null}},{"type":"Feature","geometry":{"type":"LineString","coordinates":[[-1.504369,12.310376],[-1.504378,12.308314]]},"properties":{"nom":null,"type":"Rue","revetement":"Bitumé(BITU_VUL)","eclairage":null,"piste_cyclable":null,"arrondissement":null}},{"type":"Feature","geometry":{"type":"LineString","coordinates":[[-1.519537,12.310689],[-1.519546,12.311568],[-1.519547,12.312055]]},"properties":{"nom":null,"type":"Rue","revetement":"Bitumé(BITU_VUL)","eclairage":null,"piste_cyclable":null,"arrondissement":null}},{"type":"Feature","geometry":{"type":"LineString","coordinates":[[-1.499103,12.316348],[-1.499087,12.316401],[-1.499067,12.316446],[-1.498999,12.31655],[-1.498933,12.316615],[-1.498832,12.31668],[-1.49871,12.316722],[-1.498609,12.316734],[-1.498479,12.31672],[-1.498308,12.316647],[-1.498232,12.316586],[-1.49815,12.316482],[-1.498103,12.316377],[-1.498081,12.316262],[-1.49808,12.316211],[-1.498106,12.316067],[-1.498143,12.315983],[-1.498205,12.315896],[-1.498276,12.315829],[-1.498392,12.315761],[-1.498509,12.315727],[-1.498607,12.315719],[-1.498723,12.315734],[-1.49887,12.315794],[-1.498941,12.315845],[-1.499033,12.315948],[-1.499071,12.316016],[-1.499089,12.31606],[-1.4991,12.316095],[-1.499118,12.316211],[-1.499103,12.316348]]},"properties":{"nom":null,"type":"Rue","revetement":"Bitumé(BITU_VUL)","eclairage":null,"piste_cyclable":null,"arrondissement":null}},{"type":"Feature","geometry":{"type":"LineString","coordinates":[[-1.499118,12.316211],[-1.499186,12.316218],[-1.499409,12.31622],[-1.500142,12.316226]]},"properties":{"nom":null,"type":"Rue","revetement":"Bitumé(BITU_VUL)","eclairage":null,"piste_cyclable":null,"arrondissement":null}},{"type":"Feature","geometry":{"type":"LineString","coordinates":[[-1.565334,12.401615],[-1.565369,12.401646],[-1.565395,12.401665],[-1.56545,12.401693],[-1.565487,12.401706],[-1.565529,12.401715],[-1.565587,12.40172],[-1.565634,12.401716],[-1.565671,12.401709],[-1.565708,12.401697],[-1.56575,12.401678],[-1.565781,12.401659],[-1.565811,12.401636],[-1.565842,12.401606],[-1.565866,12.401576],[-1.56589,12.401539],[-1.565908,12.401498],[-1.565921,12.401455],[-1.565928,12.401407],[-1.565929,12.401376],[-1.565924,12.40133],[-1.565916,12.401293],[-1.565903,12.401255],[-1.565877,12.401206],[-1.565862,12.401184],[-1.565843,12.40116],[-1.56581,12.401129],[-1.565784,12.401108],[-1.565749,12.401087],[-1.565707,12.401068],[-1.565664,12.401055],[-1.565611,12.401047],[-1.565585,12.401046],[-1.565535,12.401049],[-1.565493,12.401058],[-1.565454,12.401071],[-1.565418,12.401087],[-1.565388,12.401106],[-1.56536,12.401126],[-1.56532,12.401166],[-1.565295,12.401199],[-1.565271,12.40124],[-1.56526,12.401268],[-1.565245,12.401317],[-1.56524,12.401357],[-1.565239,12.401387],[-1.565241,12.401419],[-1.565248,12.401459],[-1.565255,12.401485],[-1.565269,12.401521],[-1.565291,12.401561],[-1.565334,12.401615]]},"properties":{"nom":null,"type":"Rue","revetement":"Bitumé(BITU_VUL)","eclairage":null,"piste_cyclable":null,"arrondissement":null}},{"type":"Feature","geometry":{"type":"LineString","coordinates":[[-1.55069,12.370896],[-1.550712,12.371176],[-1.550746,12.371626],[-1.550881,12.373381],[-1.550943,12.374183],[-1.551043,12.375489]]},"properties":{"nom":"Avenue Conseil de l'Entente","type":"Avenue","revetement":"Bitumé(BITU_VUL)","eclairage":"Eclairage électrique (EE_VUL)","piste_cyclable":null,"arrondissement":null}},{"type":"Feature","geometry":{"type":"LineString","coordinates":[[-1.547011,12.378808],[-1.54587,12.378037],[-1.545635,12.377882],[-1.545435,12.377747],[-1.545229,12.377607],[-1.54452,12.377141],[-1.544442,12.377075],[-1.543852,12.376669],[-1.543751,12.376609],[-1.543274,12.37629],[-1.543073,12.376151],[-1.542789,12.375959],[-1.542379,12.375682],[-1.542092,12.375488],[-1.541439,12.375031],[-1.541102,12.374803],[-1.540904,12.374685],[-1.540223,12.374225],[-1.540074,12.374124],[-1.539499,12.3737],[-1.538589,12.373088],[-1.538448,12.373009],[-1.538123,12.372803],[-1.538109,12.372793],[-1.538056,12.372756],[-1.537962,12.372686],[-1.537255,12.372219],[-1.53659,12.37177],[-1.536545,12.371739],[-1.536484,12.371698],[-1.536043,12.371351],[-1.534353,12.370246],[-1.533678,12.369787],[-1.533018,12.369338],[-1.531807,12.368514],[-1.531064,12.367964]]},"properties":{"nom":"Avenue du Larlé Naba","type":"Avenue","revetement":"Bitumé(BITU_VUL)","eclairage":"Eclairage électrique (EE_VUL)","piste_cyclable":null,"arrondissement":null}},{"type":"Feature","geometry":{"type":"LineString","coordinates":[[-1.53089,12.367857],[-1.530825,12.367887],[-1.530796,12.367909],[-1.530129,12.368022],[-1.530039,12.368054],[-1.529974,12.368076]]},"properties":{"nom":"Avenue du Yatenga","type":"Avenue","revetement":"Bitumé(BITU_VUL)","eclairage":"Eclairage électrique (EE_VUL)","piste_cyclable":null,"arrondissement":null}},{"type":"Feature","geometry":{"type":"LineString","coordinates":[[-1.534081,12.364711],[-1.534049,12.364711],[-1.534004,12.364724],[-1.533982,12.364736],[-1.533959,12.364754],[-1.533935,12.364783],[-1.53392,12.364814]]},"properties":{"nom":null,"type":"Rue","revetement":"Bitumé(BITU_VUL)","eclairage":null,"piste_cyclable":null,"arrondissement":null}},{"type":"Feature","geometry":{"type":"MultiLineString","coordinates":[[[-1.544823,12.368056],[-1.545398,12.370552],[-1.54551,12.371082],[-1.545534,12.371152],[-1.545558,12.371239],[-1.545879,12.37276],[-1.546211,12.374496],[-1.546603,12.376553],[-1.546799,12.377579],[-1.546927,12.378189],[-1.546982,12.378463],[-1.547001,12.378565],[-1.546998,12.378617],[-1.546985,12.378659],[-1.54696,12.378724],[-1.546989,12.378785],[-1.546958,12.37878]],[[-1.542954,12.359365],[-1.543525,12.36222],[-1.544809,12.367991]]]},"properties":{"nom":"Avenue  du Mogho Naba ZOMBRE","type":"Avenue","revetement":"Bitumé(BITU_VUL)","eclairage":"Eclairage électrique (EE_VUL)","piste_cyclable":null,"arrondissement":null}},{"type":"Feature","geometry":{"type":"LineString","coordinates":[[-1.55048,12.367951],[-1.550445,12.367085]]},"properties":{"nom":"Avenue Conseil de l'Entente","type":"Avenue","revetement":"Bitumé(BITU_VUL)","eclairage":"Eclairage électrique (EE_VUL)","piste_cyclable":null,"arrondissement":null}},{"type":"Feature","geometry":{"type":"LineString","coordinates":[[-1.548651,12.36168],[-1.548592,12.36102],[-1.548505,12.360557],[-1.548462,12.360427],[-1.548403,12.36032],[-1.546901,12.357842],[-1.546558,12.357305],[-1.54653,12.35726]]},"properties":{"nom":"Avenue Mankugdugu","type":"Avenue","revetement":"Bitumé(BITU_VUL)","eclairage":"Eclairage électrique (EE_VUL)","piste_cyclable":null,"arrondissement":null}},{"type":"Feature","geometry":{"type":"LineString","coordinates":[[-1.55069,12.370896],[-1.550678,12.37072],[-1.550672,12.370644],[-1.55048,12.367951]]},"properties":{"nom":"Avenue Conseil de l'Entente","type":"Avenue","revetement":"Bitumé(BITU_VUL)","eclairage":"Eclairage électrique (EE_VUL)","piste_cyclable":null,"arrondissement":null}},{"type":"Feature","geometry":{"type":"LineString","coordinates":[[-1.550445,12.367085],[-1.55038,12.366231],[-1.550318,12.365428],[-1.55026,12.36468],[-1.550236,12.364365],[-1.55018,12.363571],[-1.550119,12.362844],[-1.550068,12.36219],[-1.55002,12.361561],[-1.54997,12.360908],[-1.549906,12.360084],[-1.54983,12.359558],[-1.547859,12.35641]]},"properties":{"nom":"Avenue Conseil de l'Entente","type":"Avenue","revetement":"Bitumé(BITU_VUL)","eclairage":"Eclairage électrique (EE_VUL)","piste_cyclable":null,"arrondissement":null}},{"type":"Feature","geometry":{"type":"LineString","coordinates":[[-1.545194,12.367632],[-1.545614,12.367087],[-1.545848,12.366809],[-1.546082,12.36651],[-1.546738,12.365705],[-1.547271,12.365083],[-1.54777,12.364444],[-1.548198,12.363937]]},"properties":{"nom":"Avenue Gilungu","type":"Avenue","revetement":"Bitumé(BITU_VUL)","eclairage":"Eclairage électrique (EE_VUL)","piste_cyclable":null,"arrondissement":null}},{"type":"Feature","geometry":{"type":"LineString","coordinates":[[-1.548091,12.363567],[-1.547215,12.363111],[-1.546601,12.362792],[-1.546,12.362479],[-1.54494,12.361928]]},"properties":{"nom":"Avenue Zilla","type":"Avenue","revetement":"Bitumé(BITU_VUL)","eclairage":"Eclairage électrique (EE_VUL)","piste_cyclable":null,"arrondissement":null}},{"type":"Feature","geometry":{"type":"LineString","coordinates":[[-1.525304,12.384834],[-1.52538,12.385182],[-1.52535,12.385365],[-1.525323,12.385524],[-1.525246,12.385666],[-1.525142,12.385811],[-1.525052,12.3859],[-1.524937,12.385964],[-1.52474,12.386049],[-1.52447,12.386097],[-1.523906,12.386157],[-1.523361,12.386242],[-1.522773,12.386325],[-1.521689,12.386478],[-1.520597,12.386631],[-1.520074,12.386705],[-1.519533,12.386781],[-1.516322,12.387262]]},"properties":{"nom":"Avenue du Barrage","type":"Avenue","revetement":"Bitumé(BITU_VUL)","eclairage":"Eclairage électrique (EE_VUL)","piste_cyclable":null,"arrondissement":null}},{"type":"Feature","geometry":{"type":"LineString","coordinates":[[-1.524733,12.363835],[-1.526482,12.363617],[-1.526664,12.363595],[-1.526714,12.363588],[-1.527015,12.363551],[-1.527921,12.363465],[-1.528842,12.363352]]},"properties":{"nom":"Avenue de la Cathédrale","type":"Avenue","revetement":"Bitumé(BITU_VUL)","eclairage":"Eclairage électrique (EE_VUL)","piste_cyclable":null,"arrondissement":null}},{"type":"Feature","geometry":{"type":"LineString","coordinates":[[-1.529758,12.366437],[-1.52988,12.366415],[-1.530512,12.366307],[-1.531105,12.366198],[-1.531671,12.366102],[-1.532851,12.365901],[-1.533145,12.365851]]},"properties":{"nom":"Avenue de la B.C.F.A.O.","type":"Avenue","revetement":"Bitumé(BITU_VUL)","eclairage":"Eclairage électrique (EE_VUL)","piste_cyclable":null,"arrondissement":null}},{"type":"Feature","geometry":{"type":"LineString","coordinates":[[-1.529194,12.366532],[-1.529758,12.366437]]},"properties":{"nom":"Avenue de la B.C.F.A.O.","type":"Avenue","revetement":"Bitumé(BITU_VUL)","eclairage":"Eclairage électrique (EE_VUL)","piste_cyclable":null,"arrondissement":null}},{"type":"Feature","geometry":{"type":"LineString","coordinates":[[-1.529974,12.368076],[-1.529758,12.366437]]},"properties":{"nom":"Avenue Capitaine Kouanda","type":"Avenue","revetement":"Bitumé(BITU_VUL)","eclairage":"Eclairage électrique (EE_VUL)","piste_cyclable":null,"arrondissement":null}},{"type":"Feature","geometry":{"type":"LineString","coordinates":[[-1.528656,12.361871],[-1.527722,12.362064]]},"properties":{"nom":"Avenue Me. Pacere Frederic","type":"Avenue","revetement":"Bitumé(BITU_VUL)","eclairage":"Eclairage électrique (EE_VUL)","piste_cyclable":null,"arrondissement":null}},{"type":"Feature","geometry":{"type":"LineString","coordinates":[[-1.527137,12.356249],[-1.527214,12.357345],[-1.527287,12.35845]]},"properties":{"nom":"Avenue Bassawanga","type":"Avenue","revetement":"Bitumé(BITU_VUL)","eclairage":"Eclairage électrique (EE_VUL)","piste_cyclable":null,"arrondissement":null}},{"type":"Feature","geometry":{"type":"LineString","coordinates":[[-1.535941,12.341706],[-1.535414,12.341547],[-1.535056,12.341445],[-1.534606,12.341314],[-1.534069,12.341159],[-1.532749,12.340778],[-1.532657,12.340752],[-1.532069,12.340582]]},"properties":{"nom":"Boulevard Ratag Pima","type":"Boulevard","revetement":"Bitumé(BITU_VUL)","eclairage":"Eclairage électrique (EE_VUL)","piste_cyclable":"Oui","arrondissement":null}},{"type":"Feature","geometry":{"type":"LineString","coordinates":[[-1.525922,12.334879],[-1.525972,12.334279],[-1.52604,12.333448]]},"properties":{"nom":"Avenue Bassawanga","type":"Avenue","revetement":"Bitumé(BITU_VUL)","eclairage":"Eclairage électrique (EE_VUL)","piste_cyclable":null,"arrondissement":null}},{"type":"Feature","geometry":{"type":"LineString","coordinates":[[-1.526712,12.333127],[-1.526529,12.332996],[-1.526448,12.332931],[-1.52639,12.332863],[-1.526339,12.332787],[-1.526298,12.332704],[-1.526268,12.332612],[-1.526257,12.332525],[-1.526256,12.332273]]},"properties":{"nom":null,"type":"Avenue","revetement":"Bitumé(BITU_VUL)","eclairage":"Eclairage électrique (EE_VUL)","piste_cyclable":null,"arrondissement":null}},{"type":"Feature","geometry":{"type":"LineString","coordinates":[[-1.525922,12.334879],[-1.52595,12.335696],[-1.525951,12.335739],[-1.526025,12.337557],[-1.526084,12.338783],[-1.526136,12.339834],[-1.526151,12.340136],[-1.52616,12.34025],[-1.526209,12.341003],[-1.526258,12.341843],[-1.526289,12.342425],[-1.526348,12.343468],[-1.526363,12.343796],[-1.526389,12.344272],[-1.526398,12.344487],[-1.526416,12.344792],[-1.526442,12.345329],[-1.526455,12.345533],[-1.526497,12.346192],[-1.526534,12.346788],[-1.526539,12.346864],[-1.526546,12.34698],[-1.526618,12.348378],[-1.526666,12.349289],[-1.526697,12.349797],[-1.526716,12.350141],[-1.526766,12.35103],[-1.526794,12.351436],[-1.526827,12.352074],[-1.526902,12.353117],[-1.52698,12.354156],[-1.527054,12.355184],[-1.527087,12.355559],[-1.527137,12.356249]]},"properties":{"nom":"Avenue Bassawanga","type":"Avenue","revetement":"Bitumé(BITU_VUL)","eclairage":"Eclairage électrique (EE_VUL)","piste_cyclable":null,"arrondissement":null}},{"type":"Feature","geometry":{"type":"LineString","coordinates":[[-1.51353,12.327233],[-1.513155,12.327236],[-1.512236,12.32724],[-1.51203,12.327243],[-1.511425,12.327248],[-1.510902,12.327252],[-1.510721,12.327253],[-1.510187,12.327256],[-1.510141,12.327257],[-1.509846,12.327259],[-1.509427,12.327262],[-1.508924,12.327265],[-1.508198,12.32727],[-1.507973,12.327271],[-1.507726,12.327273],[-1.507486,12.327275],[-1.507237,12.327276],[-1.506756,12.32728],[-1.506557,12.327281],[-1.506104,12.327284],[-1.505116,12.327291],[-1.504045,12.327298],[-1.50288,12.327305],[-1.502676,12.327313],[-1.50252,12.32731],[-1.501495,12.327314],[-1.500895,12.327318],[-1.499859,12.327324],[-1.49964,12.327332],[-1.499517,12.327358],[-1.499414,12.32741],[-1.499264,12.327526],[-1.498826,12.327884],[-1.498116,12.328499],[-1.498103,12.32851]]},"properties":{"nom":"Avenue Paré Joseph Wresinski","type":"Avenue","revetement":"Bitumé(BITU_VUL)","eclairage":"Eclairage électrique (EE_VUL)","piste_cyclable":null,"arrondissement":null}},{"type":"Feature","geometry":{"type":"LineString","coordinates":[[-1.51353,12.327233],[-1.513686,12.327257],[-1.513755,12.327271],[-1.51382,12.327288],[-1.513919,12.327333],[-1.513992,12.327372],[-1.514115,12.327442],[-1.514169,12.327465]]},"properties":{"nom":"Avenue Paré Joseph Wresinski","type":"Avenue","revetement":"Bitumé(BITU_VUL)","eclairage":"Eclairage électrique (EE_VUL)","piste_cyclable":null,"arrondissement":null}},{"type":"Feature","geometry":{"type":"LineString","coordinates":[[-1.514506,12.327432],[-1.514511,12.327428],[-1.514607,12.327381],[-1.514728,12.327329],[-1.514844,12.327297],[-1.515052,12.327241]]},"properties":{"nom":"Avenue Paré Joseph Wresinski","type":"Avenue","revetement":"Bitumé(BITU_VUL)","eclairage":"Eclairage électrique (EE_VUL)","piste_cyclable":null,"arrondissement":null}},{"type":"Feature","geometry":{"type":"LineString","coordinates":[[-1.514236,12.327226],[-1.514148,12.327227],[-1.51409,12.327225],[-1.513819,12.327224],[-1.513691,12.327217],[-1.51353,12.327233]]},"properties":{"nom":"Avenue Paré Joseph Wresinski","type":"Avenue","revetement":"Bitumé(BITU_VUL)","eclairage":"Eclairage électrique (EE_VUL)","piste_cyclable":null,"arrondissement":null}},{"type":"Feature","geometry":{"type":"LineString","coordinates":[[-1.515052,12.327241],[-1.514962,12.32725],[-1.514802,12.327254],[-1.5147,12.327246],[-1.514602,12.327237],[-1.514482,12.327218],[-1.51445,12.32721],[-1.514395,12.327212]]},"properties":{"nom":"Avenue Paré Joseph Wresinski","type":"Avenue","revetement":"Bitumé(BITU_VUL)","eclairage":"Eclairage électrique (EE_VUL)","piste_cyclable":null,"arrondissement":null}},{"type":"Feature","geometry":{"type":"LineString","coordinates":[[-1.494092,12.31759],[-1.492923,12.316244],[-1.492569,12.315836],[-1.492501,12.315759],[-1.492419,12.315664],[-1.492187,12.315401],[-1.491956,12.315138],[-1.491664,12.314807],[-1.491063,12.314111],[-1.490741,12.313748],[-1.489903,12.312787],[-1.489752,12.312612],[-1.489472,12.312291],[-1.489439,12.312252],[-1.4894,12.312207],[-1.489136,12.311903]]},"properties":{"nom":"Avenue El-Adj Salifou Cissé","type":"Avenue","revetement":"Bitumé(BITU_VUL)","eclairage":null,"piste_cyclable":null,"arrondissement":null}},{"type":"Feature","geometry":{"type":"LineString","coordinates":[[-1.494297,12.310247],[-1.494146,12.310247],[-1.493923,12.310271],[-1.493736,12.31031],[-1.493499,12.31039],[-1.493293,12.310473],[-1.493111,12.310591],[-1.492902,12.310766],[-1.492765,12.310908],[-1.492604,12.311112],[-1.492466,12.311337],[-1.492375,12.311556],[-1.492325,12.311733],[-1.492268,12.312012],[-1.492251,12.312193],[-1.492252,12.31226],[-1.492265,12.31247],[-1.492316,12.312701],[-1.492368,12.31286],[-1.49241,12.312971],[-1.492499,12.313151],[-1.49256,12.313252],[-1.492606,12.313328],[-1.492716,12.313468],[-1.492805,12.313562],[-1.492896,12.313657],[-1.492969,12.313725],[-1.493135,12.31384],[-1.493314,12.313952],[-1.49341,12.313999],[-1.49365,12.314084],[-1.493909,12.31415],[-1.494124,12.314174],[-1.494311,12.314187],[-1.494384,12.314186],[-1.494957,12.31418],[-1.49678,12.314181]]},"properties":{"nom":null,"type":"Rue","revetement":"Bitumé(BITU_VUL)","eclairage":null,"piste_cyclable":null,"arrondissement":null}},{"type":"Feature","geometry":{"type":"LineString","coordinates":[[-1.498571,12.310223],[-1.497647,12.310228],[-1.496755,12.310233],[-1.494365,12.310246],[-1.494297,12.310247]]},"properties":{"nom":null,"type":"Rue","revetement":"Bitumé(BITU_VUL)","eclairage":null,"piste_cyclable":null,"arrondissement":null}},{"type":"Feature","geometry":{"type":"LineString","coordinates":[[-1.527863,12.368508],[-1.527972,12.368476],[-1.528128,12.36843],[-1.528328,12.368367]]},"properties":{"nom":"Avenue Nelson Mandela","type":"Avenue","revetement":"Bitumé(BITU_VUL)","eclairage":"Eclairage électrique (EE_VUL)","piste_cyclable":null,"arrondissement":null}},{"type":"Feature","geometry":{"type":"LineString","coordinates":[[-1.526892,12.369557],[-1.526798,12.369046],[-1.526729,12.368631]]},"properties":{"nom":null,"type":"Rue","revetement":"Bitumé(BITU_VUL)","eclairage":null,"piste_cyclable":null,"arrondissement":null}},{"type":"Feature","geometry":{"type":"LineString","coordinates":[[-1.522722,12.373297],[-1.522511,12.373266],[-1.522423,12.373239],[-1.522381,12.373215],[-1.522344,12.373177],[-1.52232,12.37313],[-1.522242,12.372948]]},"properties":{"nom":"Avenue du Temple","type":"Avenue","revetement":"Bitumé(BITU_VUL)","eclairage":"Eclairage électrique (EE_VUL)","piste_cyclable":null,"arrondissement":null}},{"type":"Feature","geometry":{"type":"LineString","coordinates":[[-1.501562,12.385247],[-1.501711,12.385239],[-1.501798,12.385226],[-1.502242,12.385156]]},"properties":{"nom":"Avenue Pape Jean Paul II","type":"Avenue","revetement":"Bitumé(BITU_VUL)","eclairage":"Eclairage électrique (EE_VUL)","piste_cyclable":null,"arrondissement":null}},{"type":"Feature","geometry":{"type":"LineString","coordinates":[[-1.477715,12.413705],[-1.474129,12.408062],[-1.473634,12.406098],[-1.47354,12.405727],[-1.473252,12.404584],[-1.473094,12.403959],[-1.472523,12.401694],[-1.472138,12.400169],[-1.471654,12.39825],[-1.471265,12.396708],[-1.471238,12.3966]]},"properties":{"nom":"Boulevard Tensoba Woota","type":"Boulevard","revetement":"Bitumé(BITU_VUL)","eclairage":"Eclairage électrique (EE_VUL)","piste_cyclable":"Oui","arrondissement":null}},{"type":"Feature","geometry":{"type":"LineString","coordinates":[[-1.471238,12.3966],[-1.469449,12.389366],[-1.469154,12.388196],[-1.468912,12.387223],[-1.468476,12.385573],[-1.468232,12.384595],[-1.468027,12.383548],[-1.467994,12.383185],[-1.467995,12.383067]]},"properties":{"nom":"Boulevard Tensoba Woota","type":"Boulevard","revetement":"Bitumé(BITU_VUL)","eclairage":"Eclairage électrique (EE_VUL)","piste_cyclable":"Oui","arrondissement":null}},{"type":"Feature","geometry":{"type":"LineString","coordinates":[[-1.523082,12.3058],[-1.523093,12.307796],[-1.523096,12.308638],[-1.523048,12.309452],[-1.523054,12.310085],[-1.523059,12.310679],[-1.523067,12.311554],[-1.523071,12.312029],[-1.523076,12.312552],[-1.523084,12.313422],[-1.52309,12.314037],[-1.523095,12.314596],[-1.523109,12.316113],[-1.523117,12.317013],[-1.523122,12.317491]]},"properties":{"nom":null,"type":"Rue","revetement":"Bitumé(BITU_VUL)","eclairage":"1","piste_cyclable":null,"arrondissement":null}},{"type":"Feature","geometry":{"type":"LineString","coordinates":[[-1.50281,12.384933],[-1.502965,12.384742]]},"properties":{"nom":"Avenue Président Thomas Sankara","type":"Avenue","revetement":"Bitumé(BITU_VUL)","eclairage":"Eclairage électrique (EE_VUL)","piste_cyclable":null,"arrondissement":null}},{"type":"Feature","geometry":{"type":"LineString","coordinates":[[-1.551548,12.382065],[-1.551445,12.38211]]},"properties":{"nom":"Avenue Conseil de l'Entente","type":"Avenue","revetement":"Bitumé(BITU_VUL)","eclairage":"Eclairage électrique (EE_VUL)","piste_cyclable":null,"arrondissement":null}},{"type":"Feature","geometry":{"type":"LineString","coordinates":[[-1.551043,12.375489],[-1.551086,12.376054],[-1.551163,12.37706],[-1.551202,12.377591],[-1.551257,12.378276],[-1.551281,12.378587],[-1.551284,12.378632],[-1.551325,12.379169],[-1.551464,12.380943],[-1.551548,12.382065],[-1.551551,12.382114]]},"properties":{"nom":"Avenue Conseil de l'Entente","type":"Avenue","revetement":"Bitumé(BITU_VUL)","eclairage":"Eclairage électrique (EE_VUL)","piste_cyclable":null,"arrondissement":null}},{"type":"Feature","geometry":{"type":"LineString","coordinates":[[-1.55457,12.38459],[-1.554885,12.384777],[-1.555059,12.384866],[-1.555293,12.384978],[-1.555501,12.385065],[-1.555669,12.385129],[-1.555834,12.385185],[-1.556013,12.385237],[-1.556221,12.385292],[-1.55642,12.385337],[-1.55669,12.385395],[-1.557069,12.385478],[-1.55735,12.385547],[-1.557718,12.385649],[-1.55796,12.385751],[-1.55804,12.385781],[-1.558322,12.385819],[-1.559168,12.386063],[-1.559853,12.38626],[-1.561895,12.386853],[-1.562586,12.387049],[-1.563295,12.387268],[-1.563599,12.387341],[-1.563801,12.387384],[-1.564164,12.387463],[-1.565176,12.387684],[-1.565513,12.387757],[-1.56578,12.387801],[-1.566247,12.387882],[-1.56666,12.387954],[-1.56818,12.388154]]},"properties":{"nom":"Avenue du Yatenga","type":"Avenue","revetement":"Bitumé(BITU_VUL)","eclairage":"Eclairage électrique (EE_VUL)","piste_cyclable":null,"arrondissement":null}},{"type":"Feature","geometry":{"type":"LineString","coordinates":[[-1.558254,12.392544],[-1.558281,12.392542],[-1.558305,12.392532],[-1.558324,12.392515],[-1.558335,12.392497],[-1.55834,12.392477],[-1.55834,12.392457],[-1.55833,12.39243],[-1.558311,12.392408],[-1.558284,12.392394],[-1.558254,12.392392],[-1.558226,12.3924],[-1.558201,12.392421],[-1.558186,12.39245],[-1.558185,12.392483],[-1.558198,12.392512],[-1.558223,12.392534],[-1.558254,12.392544]]},"properties":{"nom":null,"type":"Rue","revetement":"Bitumé(BITU_VUL)","eclairage":null,"piste_cyclable":null,"arrondissement":null}},{"type":"Feature","geometry":{"type":"LineString","coordinates":[[-1.558596,12.392832],[-1.558492,12.392688],[-1.558439,12.392617],[-1.558396,12.392558],[-1.558374,12.39252],[-1.558361,12.392495],[-1.55834,12.392457]]},"properties":{"nom":null,"type":"Rue","revetement":"Bitumé(BITU_VUL)","eclairage":null,"piste_cyclable":null,"arrondissement":null}},{"type":"Feature","geometry":{"type":"LineString","coordinates":[[-1.558596,12.392832],[-1.558967,12.393251],[-1.559137,12.393443],[-1.559299,12.393626],[-1.559448,12.393795],[-1.559593,12.393959],[-1.559915,12.394323],[-1.560237,12.394687],[-1.560551,12.395042],[-1.560885,12.395421],[-1.561195,12.395771],[-1.561497,12.396113],[-1.562067,12.396757],[-1.562567,12.397323],[-1.563033,12.39785],[-1.563382,12.398245],[-1.563694,12.398598],[-1.564008,12.398952],[-1.564341,12.399329],[-1.564666,12.399697],[-1.564964,12.400035],[-1.565286,12.400398],[-1.565668,12.40083]]},"properties":{"nom":"Avenue du Passoré","type":"Rue","revetement":"Bitumé(BITU_VUL)","eclairage":null,"piste_cyclable":null,"arrondissement":null}},{"type":"Feature","geometry":{"type":"LineString","coordinates":[[-1.558972,12.392047],[-1.559568,12.392097],[-1.559726,12.392111],[-1.559844,12.392108],[-1.560002,12.392088],[-1.560163,12.392056],[-1.560265,12.392019],[-1.560456,12.391913]]},"properties":{"nom":null,"type":"Rue","revetement":"Bitumé(BITU_VUL)","eclairage":null,"piste_cyclable":null,"arrondissement":null}},{"type":"Feature","geometry":{"type":"LineString","coordinates":[[-1.558972,12.392047],[-1.558899,12.392052],[-1.558793,12.392072],[-1.558723,12.392095],[-1.558658,12.392126],[-1.558351,12.39232],[-1.558226,12.3924],[-1.558066,12.392514],[-1.557985,12.392569],[-1.557764,12.392778]]},"properties":{"nom":null,"type":"Rue","revetement":"Bitumé(BITU_VUL)","eclairage":null,"piste_cyclable":null,"arrondissement":null}},{"type":"Feature","geometry":{"type":"LineString","coordinates":[[-1.557764,12.392778],[-1.557937,12.392672],[-1.557998,12.39264],[-1.558106,12.3926],[-1.558254,12.392544]]},"properties":{"nom":null,"type":"Rue","revetement":"Bitumé(BITU_VUL)","eclairage":null,"piste_cyclable":null,"arrondissement":null}},{"type":"Feature","geometry":{"type":"LineString","coordinates":[[-1.558106,12.3926],[-1.5582,12.3926],[-1.558272,12.392614],[-1.558348,12.39263]]},"properties":{"nom":null,"type":"Rue","revetement":"Bitumé(BITU_VUL)","eclairage":null,"piste_cyclable":null,"arrondissement":null}},{"type":"Feature","geometry":{"type":"LineString","coordinates":[[-1.558254,12.392544],[-1.558348,12.39263],[-1.55843,12.392696],[-1.558596,12.392832]]},"properties":{"nom":null,"type":"Rue","revetement":"Bitumé(BITU_VUL)","eclairage":null,"piste_cyclable":null,"arrondissement":null}},{"type":"Feature","geometry":{"type":"LineString","coordinates":[[-1.581453,12.400601],[-1.581532,12.400136],[-1.581613,12.399663],[-1.581693,12.399192],[-1.581771,12.398732],[-1.581852,12.398261],[-1.581932,12.397789],[-1.582013,12.397317],[-1.582091,12.39686],[-1.582171,12.396386],[-1.582247,12.395942],[-1.582329,12.395462],[-1.582627,12.393687],[-1.582698,12.393296],[-1.582789,12.39276],[-1.582866,12.39231],[-1.582946,12.391839],[-1.58303,12.391349],[-1.583234,12.390149]]},"properties":{"nom":"Rue 21.47","type":"Rue","revetement":"Bitumé(BITU_VUL)","eclairage":"2","piste_cyclable":null,"arrondissement":null}},{"type":"Feature","geometry":{"type":"LineString","coordinates":[[-1.56592,12.399933],[-1.56579,12.400391]]},"properties":{"nom":"Rue de la solidarité","type":"Rue","revetement":"Bitumé(BITU_VUL)","eclairage":null,"piste_cyclable":null,"arrondissement":null}},{"type":"Feature","geometry":{"type":"LineString","coordinates":[[-1.577488,12.381534],[-1.577413,12.381953],[-1.577368,12.382206],[-1.577284,12.382677],[-1.577201,12.383143],[-1.577119,12.383602],[-1.577034,12.384078],[-1.576953,12.384531],[-1.576859,12.38506]]},"properties":{"nom":"Rue Yaon","type":"Rue","revetement":"Bitumé(BITU_VUL)","eclairage":null,"piste_cyclable":null,"arrondissement":null}},{"type":"Feature","geometry":{"type":"LineString","coordinates":[[-1.570205,12.379292],[-1.57021,12.379609],[-1.570208,12.379927],[-1.570201,12.380244],[-1.570187,12.380561],[-1.570169,12.380878],[-1.570144,12.381195],[-1.570114,12.381511],[-1.570078,12.381826],[-1.569494,12.384409],[-1.569399,12.384877],[-1.569322,12.385186],[-1.569273,12.385367],[-1.569142,12.385829],[-1.568962,12.386699],[-1.568864,12.387179],[-1.568799,12.387431]]},"properties":{"nom":null,"type":"Rue","revetement":"Bitumé(BITU_VUL)","eclairage":null,"piste_cyclable":null,"arrondissement":null}},{"type":"Feature","geometry":{"type":"LineString","coordinates":[[-1.576859,12.38506],[-1.576761,12.385626],[-1.576677,12.386108],[-1.576601,12.386546],[-1.57652,12.387019],[-1.57644,12.387478],[-1.57636,12.387942],[-1.576277,12.388423],[-1.576201,12.388862],[-1.576103,12.389426],[-1.576086,12.389523]]},"properties":{"nom":"Rue Yaon","type":"Rue","revetement":"Bitumé(BITU_VUL)","eclairage":null,"piste_cyclable":null,"arrondissement":null}},{"type":"Feature","geometry":{"type":"LineString","coordinates":[[-1.565241,12.401419],[-1.565225,12.401549],[-1.565209,12.401609],[-1.565179,12.40167],[-1.565133,12.401727],[-1.565031,12.401819],[-1.564929,12.401939]]},"properties":{"nom":"Rue 22.72","type":"Rue","revetement":"Bitumé(BITU_VUL)","eclairage":null,"piste_cyclable":null,"arrondissement":null}},{"type":"Feature","geometry":{"type":"LineString","coordinates":[[-1.564929,12.401939],[-1.565071,12.401856],[-1.565178,12.40177],[-1.565242,12.401729],[-1.565317,12.401705],[-1.56545,12.401693]]},"properties":{"nom":"Rue 22.72","type":"Rue","revetement":"Bitumé(BITU_VUL)","eclairage":null,"piste_cyclable":null,"arrondissement":null}},{"type":"Feature","geometry":{"type":"LineString","coordinates":[[-1.565843,12.40116],[-1.565782,12.401067],[-1.565758,12.401015],[-1.565746,12.400933],[-1.565746,12.400844],[-1.56579,12.400391]]},"properties":{"nom":"Rue de la solidarité","type":"Rue","revetement":"Bitumé(BITU_VUL)","eclairage":null,"piste_cyclable":null,"arrondissement":null}},{"type":"Feature","geometry":{"type":"LineString","coordinates":[[-1.566257,12.401503],[-1.566903,12.401613],[-1.568522,12.401882],[-1.570276,12.402175],[-1.572045,12.40247],[-1.573833,12.402769],[-1.575567,12.403037],[-1.577351,12.403325],[-1.578313,12.403487],[-1.578411,12.403492],[-1.578495,12.403484]]},"properties":{"nom":null,"type":"Rue","revetement":"Bitumé(BITU_VUL)","eclairage":"2","piste_cyclable":null,"arrondissement":null}},{"type":"Feature","geometry":{"type":"LineString","coordinates":[[-1.56579,12.400391],[-1.565668,12.40083],[-1.565613,12.400936],[-1.565571,12.400987],[-1.565454,12.401071]]},"properties":{"nom":"Rue de la solidarité","type":"Rue","revetement":"Bitumé(BITU_VUL)","eclairage":null,"piste_cyclable":null,"arrondissement":null}},{"type":"Feature","geometry":{"type":"LineString","coordinates":[[-1.566257,12.401503],[-1.566154,12.401467],[-1.56608,12.401423],[-1.566024,12.401376],[-1.565877,12.401206]]},"properties":{"nom":"Rue 22.158","type":"Rue","revetement":"Bitumé(BITU_VUL)","eclairage":null,"piste_cyclable":null,"arrondissement":null}},{"type":"Feature","geometry":{"type":"LineString","coordinates":[[-1.534795,12.39546],[-1.535294,12.396399],[-1.535767,12.397285],[-1.535994,12.397722],[-1.536055,12.397835],[-1.536276,12.398239],[-1.536736,12.399101],[-1.537153,12.399884],[-1.537569,12.400657],[-1.537694,12.400893],[-1.538389,12.402202],[-1.539102,12.403539],[-1.539557,12.404394],[-1.539771,12.404795],[-1.540001,12.405226],[-1.540672,12.406483],[-1.540854,12.406823]]},"properties":{"nom":null,"type":"Rue","revetement":"Bitumé(BITU_VUL)","eclairage":"2","piste_cyclable":null,"arrondissement":null}},{"type":"Feature","geometry":{"type":"LineString","coordinates":[[-1.526367,12.396249],[-1.526902,12.397252],[-1.5276,12.398565],[-1.527867,12.399066],[-1.528139,12.399576],[-1.528371,12.400013],[-1.528603,12.400448],[-1.528824,12.400863],[-1.529081,12.401346],[-1.529324,12.401802],[-1.529541,12.402209],[-1.530047,12.403159],[-1.530546,12.404097],[-1.530788,12.404551]]},"properties":{"nom":"Avenue Pr. Pigri","type":"Avenue","revetement":"Bitumé(BITU_VUL)","eclairage":"Eclairage électrique (EE_VUL)","piste_cyclable":null,"arrondissement":null}},{"type":"Feature","geometry":{"type":"LineString","coordinates":[[-1.515382,12.395214],[-1.514829,12.39516],[-1.513669,12.395069],[-1.51318,12.395028],[-1.512219,12.394946],[-1.512086,12.394935],[-1.51147,12.394883],[-1.50992,12.394751],[-1.507991,12.394588],[-1.507923,12.394582],[-1.507216,12.394522]]},"properties":{"nom":"Rue 24.37","type":"Rue","revetement":"Bitumé(BITU_VUL)","eclairage":"2","piste_cyclable":null,"arrondissement":null}},{"type":"Feature","geometry":{"type":"LineString","coordinates":[[-1.571548,12.374737],[-1.571064,12.374759],[-1.570572,12.374786],[-1.570079,12.374813],[-1.569522,12.37484],[-1.569311,12.374851]]},"properties":{"nom":"Rue 19.100","type":"Rue","revetement":"Bitumé(BITU_VUL)","eclairage":null,"piste_cyclable":null,"arrondissement":null}},{"type":"Feature","geometry":{"type":"LineString","coordinates":[[-1.526126,12.33296],[-1.526299,12.332043]]},"properties":{"nom":"Boulevard France-Afrique","type":"Boulevard","revetement":"Bitumé(BITU_VUL)","eclairage":"Eclairage électrique (EE_VUL)","piste_cyclable":"Oui","arrondissement":null}},{"type":"Feature","geometry":{"type":"LineString","coordinates":[[-1.525613,12.332863],[-1.525504,12.332983]]},"properties":{"nom":null,"type":"Rue","revetement":"Bitumé(BITU_VUL)","eclairage":"Eclairage électrique (EE_VUL)","piste_cyclable":null,"arrondissement":null}},{"type":"Feature","geometry":{"type":"LineString","coordinates":[[-1.504474,12.336028],[-1.504511,12.337067]]},"properties":{"nom":null,"type":"Rue","revetement":"Bitumé(BITU_VUL)","eclairage":null,"piste_cyclable":null,"arrondissement":null}},{"type":"Feature","geometry":{"type":"LineString","coordinates":[[-1.497825,12.363154],[-1.497262,12.36313],[-1.496506,12.363099],[-1.495622,12.363062],[-1.495317,12.363049],[-1.494178,12.363001]]},"properties":{"nom":"Avenue Lamine Gueye","type":"Avenue","revetement":"Bitumé(BITU_VUL)","eclairage":"Eclairage électrique (EE_VUL)","piste_cyclable":null,"arrondissement":null}},{"type":"Feature","geometry":{"type":"LineString","coordinates":[[-1.527555,12.368442],[-1.52752,12.368436],[-1.527475,12.368447],[-1.527447,12.368467],[-1.527433,12.368486],[-1.527422,12.368518],[-1.527422,12.368552],[-1.527438,12.368589],[-1.527455,12.368606]]},"properties":{"nom":null,"type":"Rue","revetement":"Bitumé(BITU_VUL)","eclairage":null,"piste_cyclable":null,"arrondissement":null}},{"type":"Feature","geometry":{"type":"LineString","coordinates":[[-1.533912,12.364869],[-1.533916,12.364897],[-1.533924,12.364921],[-1.533938,12.364948],[-1.533952,12.364965],[-1.533976,12.364986],[-1.534004,12.365002],[-1.534026,12.36501],[-1.534054,12.365015],[-1.534079,12.365015],[-1.534103,12.365012]]},"properties":{"nom":null,"type":"Rue","revetement":"Bitumé(BITU_VUL)","eclairage":null,"piste_cyclable":null,"arrondissement":null}},{"type":"Feature","geometry":{"type":"LineString","coordinates":[[-1.534211,12.364924],[-1.534219,12.364902],[-1.534224,12.364873],[-1.534223,12.36484],[-1.534215,12.36481],[-1.534194,12.364772],[-1.534178,12.364755],[-1.534153,12.364735],[-1.534136,12.364725],[-1.534102,12.364714],[-1.534081,12.364711]]},"properties":{"nom":null,"type":"Rue","revetement":"Bitumé(BITU_VUL)","eclairage":null,"piste_cyclable":null,"arrondissement":null}},{"type":"Feature","geometry":{"type":"LineString","coordinates":[[-1.534103,12.365012],[-1.534134,12.365002],[-1.534156,12.36499],[-1.534179,12.364971],[-1.534196,12.364951],[-1.534211,12.364924]]},"properties":{"nom":null,"type":"Rue","revetement":"Bitumé(BITU_VUL)","eclairage":null,"piste_cyclable":null,"arrondissement":null}},{"type":"Feature","geometry":{"type":"LineString","coordinates":[[-1.53089,12.367857],[-1.530883,12.367867],[-1.530877,12.367877],[-1.530873,12.367888],[-1.530869,12.3679],[-1.530868,12.367911],[-1.530867,12.367923],[-1.530869,12.367935],[-1.530871,12.367946],[-1.530875,12.367958],[-1.53088,12.367968],[-1.530887,12.367978],[-1.530895,12.367987],[-1.530903,12.367995],[-1.530913,12.368003]]},"properties":{"nom":null,"type":"Rue","revetement":"Bitumé(BITU_VUL)","eclairage":null,"piste_cyclable":null,"arrondissement":null}},{"type":"Feature","geometry":{"type":"LineString","coordinates":[[-1.527611,12.368601],[-1.527618,12.368557]]},"properties":{"nom":"Avenue Nelson Mandela","type":"Avenue","revetement":"Bitumé(BITU_VUL)","eclairage":"Eclairage électrique (EE_VUL)","piste_cyclable":null,"arrondissement":null}},{"type":"Feature","geometry":{"type":"LineString","coordinates":[[-1.513603,12.376257],[-1.51447,12.375565],[-1.514846,12.375266],[-1.515421,12.374807],[-1.51556,12.374696]]},"properties":{"nom":"Avenue Président Thomas Sankara","type":"Avenue","revetement":"Bitumé(BITU_VUL)","eclairage":"Eclairage électrique (EE_VUL)","piste_cyclable":null,"arrondissement":null}},{"type":"Feature","geometry":{"type":"LineString","coordinates":[[-1.524851,12.370227],[-1.525036,12.370852],[-1.525315,12.371896],[-1.525507,12.372614]]},"properties":{"nom":"Avenue de Lyon","type":"Avenue","revetement":"Bitumé(BITU_VUL)","eclairage":"Eclairage électrique (EE_VUL)","piste_cyclable":null,"arrondissement":null}},{"type":"Feature","geometry":{"type":"LineString","coordinates":[[-1.512822,12.372993],[-1.513961,12.372741],[-1.516216,12.3722],[-1.518319,12.371739],[-1.519329,12.371516],[-1.519399,12.371502],[-1.519474,12.371489],[-1.519603,12.371307]]},"properties":{"nom":"Avenue de l'Indépendance","type":"Avenue","revetement":"Bitumé(BITU_VUL)","eclairage":"Eclairage électrique (EE_VUL)","piste_cyclable":null,"arrondissement":null}},{"type":"Feature","geometry":{"type":"LineString","coordinates":[[-1.509339,12.379699],[-1.509785,12.379325],[-1.510074,12.379094],[-1.51017,12.379017],[-1.51104,12.378296]]},"properties":{"nom":"Avenue Président Thomas Sankara","type":"Avenue","revetement":"Bitumé(BITU_VUL)","eclairage":"Eclairage électrique (EE_VUL)","piste_cyclable":null,"arrondissement":null}},{"type":"Feature","geometry":{"type":"LineString","coordinates":[[-1.51104,12.378296],[-1.5119,12.377615],[-1.512143,12.377421],[-1.512591,12.377064],[-1.513603,12.376257]]},"properties":{"nom":"Avenue Président Thomas Sankara","type":"Avenue","revetement":"Bitumé(BITU_VUL)","eclairage":"Eclairage électrique (EE_VUL)","piste_cyclable":null,"arrondissement":null}},{"type":"Feature","geometry":{"type":"LineString","coordinates":[[-1.510134,12.374207],[-1.510161,12.3742]]},"properties":{"nom":"Avenue de l'Indépendance","type":"Avenue","revetement":"Bitumé(BITU_VUL)","eclairage":"Eclairage électrique (EE_VUL)","piste_cyclable":null,"arrondissement":null}},{"type":"Feature","geometry":{"type":"LineString","coordinates":[[-1.51014,12.373609],[-1.510275,12.373548],[-1.510965,12.373403],[-1.511719,12.373237],[-1.512376,12.37309],[-1.512822,12.372993]]},"properties":{"nom":"Avenue de l'Indépendance","type":"Avenue","revetement":"Bitumé(BITU_VUL)","eclairage":"Eclairage électrique (EE_VUL)","piste_cyclable":null,"arrondissement":null}},{"type":"Feature","geometry":{"type":"LineString","coordinates":[[-1.507947,12.373992],[-1.507929,12.373939],[-1.507922,12.373906]]},"properties":{"nom":"Avenue du Burkina","type":"Avenue","revetement":"Bitumé(BITU_VUL)","eclairage":"Eclairage électrique (EE_VUL)","piste_cyclable":null,"arrondissement":null}},{"type":"Feature","geometry":{"type":"LineString","coordinates":[[-1.507922,12.373906],[-1.507713,12.372926],[-1.507165,12.370409],[-1.506995,12.369681],[-1.506853,12.369054],[-1.506826,12.368937],[-1.506663,12.367557]]},"properties":{"nom":"Avenue du Burkina","type":"Avenue","revetement":"Bitumé(BITU_VUL)","eclairage":"Eclairage électrique (EE_VUL)","piste_cyclable":null,"arrondissement":null}},{"type":"Feature","geometry":{"type":"LineString","coordinates":[[-1.493703,12.376101],[-1.493707,12.376011]]},"properties":{"nom":"Avenue Babanguida","type":"Avenue","revetement":"Bitumé(BITU_VUL)","eclairage":"Eclairage électrique (EE_VUL)","piste_cyclable":null,"arrondissement":null}},{"type":"Feature","geometry":{"type":"LineString","coordinates":[[-1.502242,12.385156],[-1.502398,12.385124],[-1.502482,12.385103]]},"properties":{"nom":"Avenue Pape Jean Paul II","type":"Avenue","revetement":"Bitumé(BITU_VUL)","eclairage":"Eclairage électrique (EE_VUL)","piste_cyclable":null,"arrondissement":null}},{"type":"Feature","geometry":{"type":"LineString","coordinates":[[-1.502346,12.385055],[-1.502288,12.385071],[-1.501989,12.38514],[-1.501788,12.385183],[-1.501702,12.385208],[-1.501562,12.385247]]},"properties":{"nom":"Avenue Pape Jean Paul II","type":"Avenue","revetement":"Bitumé(BITU_VUL)","eclairage":"Eclairage électrique (EE_VUL)","piste_cyclable":null,"arrondissement":null}},{"type":"Feature","geometry":{"type":"LineString","coordinates":[[-1.493514,12.387069],[-1.494508,12.386861],[-1.4947,12.386817],[-1.495598,12.386597],[-1.496022,12.3865],[-1.496636,12.38636],[-1.496711,12.386343],[-1.496749,12.386335],[-1.498223,12.385988],[-1.500373,12.38551]]},"properties":{"nom":"Avenue Pape Jean Paul II","type":"Avenue","revetement":"Bitumé(BITU_VUL)","eclairage":"Eclairage électrique (EE_VUL)","piste_cyclable":null,"arrondissement":null}},{"type":"Feature","geometry":{"type":"LineString","coordinates":[[-1.498713,12.335992],[-1.49838,12.336632],[-1.498254,12.33683],[-1.49794,12.3373],[-1.496681,12.339218],[-1.496409,12.339631],[-1.496208,12.339935],[-1.494934,12.341752],[-1.494003,12.343113],[-1.493019,12.344575],[-1.492971,12.344643],[-1.492281,12.345715],[-1.4922,12.345831],[-1.491602,12.346727],[-1.491045,12.347599],[-1.490844,12.347909],[-1.490165,12.348836],[-1.489409,12.349991],[-1.48855,12.351288],[-1.488246,12.351742],[-1.488026,12.352035],[-1.487886,12.352233],[-1.487626,12.352614],[-1.48757,12.352696],[-1.486928,12.353635],[-1.486628,12.354069]]},"properties":{"nom":"Boulevard T. Reongo","type":"Boulevard","revetement":"Bitumé(BITU_VUL)","eclairage":"Eclairage électrique (EE_VUL)","piste_cyclable":"Oui","arrondissement":null}},{"type":"Feature","geometry":{"type":"LineString","coordinates":[[-1.525504,12.332983],[-1.525465,12.333022],[-1.525442,12.333052],[-1.525417,12.333094],[-1.5254,12.333136],[-1.525387,12.333185],[-1.525381,12.333227],[-1.525382,12.333278],[-1.525389,12.333321],[-1.525402,12.333367],[-1.525421,12.333411],[-1.525446,12.33345],[-1.525468,12.333479]]},"properties":{"nom":null,"type":"Rue","revetement":"Bitumé(BITU_VUL)","eclairage":"Eclairage électrique (EE_VUL)","piste_cyclable":null,"arrondissement":null}},{"type":"Feature","geometry":{"type":"LineString","coordinates":[[-1.525468,12.333479],[-1.525501,12.333512],[-1.52553,12.333535],[-1.525581,12.333565],[-1.525608,12.333577],[-1.525659,12.333592],[-1.525694,12.333599],[-1.525745,12.333602],[-1.525784,12.333599],[-1.525832,12.333591],[-1.525871,12.333578],[-1.525913,12.333559],[-1.52595,12.333537],[-1.525983,12.333512],[-1.526016,12.333478],[-1.52604,12.333448]]},"properties":{"nom":null,"type":"Rue","revetement":"Bitumé(BITU_VUL)","eclairage":"Eclairage électrique (EE_VUL)","piste_cyclable":null,"arrondissement":null}},{"type":"Feature","geometry":{"type":"LineString","coordinates":[[-1.52604,12.333448],[-1.526066,12.333406],[-1.526082,12.333368],[-1.526094,12.333328],[-1.526101,12.333286],[-1.526103,12.333247],[-1.526102,12.333213],[-1.526093,12.333166]]},"properties":{"nom":null,"type":"Rue","revetement":"Bitumé(BITU_VUL)","eclairage":"Eclairage électrique (EE_VUL)","piste_cyclable":null,"arrondissement":null}},{"type":"Feature","geometry":{"type":"LineString","coordinates":[[-1.526093,12.333166],[-1.526077,12.333116],[-1.526057,12.333075],[-1.526032,12.333039],[-1.525997,12.332998],[-1.525971,12.332975],[-1.525918,12.332941],[-1.525888,12.332926],[-1.525828,12.332906]]},"properties":{"nom":null,"type":"Rue","revetement":"Bitumé(BITU_VUL)","eclairage":"Eclairage électrique (EE_VUL)","piste_cyclable":null,"arrondissement":null}},{"type":"Feature","geometry":{"type":"LineString","coordinates":[[-1.508133,12.333976],[-1.508141,12.335528],[-1.508143,12.335972],[-1.508143,12.336183],[-1.508142,12.336357],[-1.508139,12.336988],[-1.508138,12.337053],[-1.508132,12.337187]]},"properties":{"nom":"Rue 15.25","type":"Rue","revetement":"Bitumé(BITU_VUL)","eclairage":"2","piste_cyclable":null,"arrondissement":null}},{"type":"Feature","geometry":{"type":"LineString","coordinates":[[-1.486571,12.354037],[-1.485971,12.353695],[-1.484612,12.352909],[-1.484071,12.352615],[-1.48362,12.352322],[-1.483096,12.352032],[-1.482911,12.351925],[-1.482636,12.351774],[-1.481891,12.351332],[-1.48142,12.351051],[-1.480947,12.350786],[-1.480759,12.350685],[-1.480491,12.350531],[-1.480401,12.350481],[-1.48007,12.350288],[-1.479831,12.350096],[-1.479588,12.34995],[-1.478738,12.349401],[-1.477271,12.348451],[-1.476684,12.348073],[-1.475771,12.347511],[-1.474413,12.346622]]},"properties":{"nom":"Rue 29.255","type":"Rue","revetement":"Bitumé(BITU_VUL)","eclairage":null,"piste_cyclable":null,"arrondissement":null}},{"type":"Feature","geometry":{"type":"LineString","coordinates":[[-1.49858,12.335866],[-1.499823,12.336294],[-1.500782,12.336877],[-1.501527,12.337366],[-1.502365,12.337955],[-1.502449,12.338022]]},"properties":{"nom":null,"type":"Rue","revetement":"Bitumé(BITU_VUL)","eclairage":null,"piste_cyclable":null,"arrondissement":null}},{"type":"Feature","geometry":{"type":"LineString","coordinates":[[-1.571335,12.340389],[-1.571932,12.34003],[-1.572876,12.339459],[-1.573248,12.339234],[-1.574182,12.338669],[-1.574529,12.33846],[-1.57475,12.338327],[-1.575046,12.338146],[-1.575241,12.338027],[-1.57568,12.337761],[-1.575759,12.337713],[-1.576256,12.33741],[-1.576701,12.33714],[-1.577418,12.336689]]},"properties":{"nom":null,"type":"Rue","revetement":"Bitumé(BITU_VUL)","eclairage":"1","piste_cyclable":null,"arrondissement":null}},{"type":"Feature","geometry":{"type":"LineString","coordinates":[[-1.528842,12.363352],[-1.528793,12.362966],[-1.528714,12.362411],[-1.528656,12.361871],[-1.528649,12.361814],[-1.528507,12.360469]]},"properties":{"nom":"Avenue Moro Naba Oubri","type":"Avenue","revetement":"Bitumé(BITU_VUL)","eclairage":"Eclairage électrique (EE_VUL)","piste_cyclable":null,"arrondissement":null}},{"type":"Feature","geometry":{"type":"LineString","coordinates":[[-1.532967,12.359107],[-1.532873,12.358573],[-1.532745,12.357966],[-1.53268,12.35758],[-1.532515,12.35662],[-1.532438,12.356185],[-1.532404,12.355987],[-1.532388,12.355896],[-1.532371,12.355785],[-1.5323,12.355329],[-1.532212,12.354847],[-1.532126,12.354315],[-1.53204,12.353796],[-1.531953,12.35326],[-1.531864,12.35275],[-1.531778,12.35227],[-1.531691,12.35175],[-1.531659,12.351555],[-1.531606,12.351237],[-1.531514,12.350684],[-1.531393,12.350032],[-1.531356,12.349796],[-1.531291,12.349451],[-1.53118,12.348827],[-1.531102,12.348407],[-1.531087,12.34815],[-1.531113,12.348018]]},"properties":{"nom":"Avenue Kanazoe","type":"Avenue","revetement":"Bitumé(BITU_VUL)","eclairage":"Eclairage électrique (EE_VUL)","piste_cyclable":null,"arrondissement":null}},{"type":"Feature","geometry":{"type":"LineString","coordinates":[[-1.527444,12.359778],[-1.527722,12.362064],[-1.527921,12.363465],[-1.528015,12.364312],[-1.528085,12.364815],[-1.528361,12.366663],[-1.528579,12.368265]]},"properties":{"nom":"Avenue Bassawanga","type":"Avenue","revetement":"Bitumé(BITU_VUL)","eclairage":"Eclairage électrique (EE_VUL)","piste_cyclable":null,"arrondissement":null}},{"type":"Feature","geometry":{"type":"LineString","coordinates":[[-1.521102,12.357755],[-1.52151,12.358478],[-1.521694,12.3588],[-1.522285,12.359833],[-1.522453,12.360127],[-1.52252,12.360243],[-1.523023,12.361123],[-1.523552,12.362049],[-1.524008,12.362845],[-1.524589,12.363861]]},"properties":{"nom":"Avenue Mogho Naba Koom I","type":"Avenue","revetement":"Bitumé(BITU_VUL)","eclairage":"Eclairage électrique (EE_VUL)","piste_cyclable":null,"arrondissement":null}},{"type":"Feature","geometry":{"type":"LineString","coordinates":[[-1.516585,12.389719],[-1.516548,12.389847],[-1.516531,12.389895],[-1.516503,12.389955],[-1.51647,12.390005],[-1.516441,12.390041],[-1.516406,12.390075],[-1.516365,12.390107],[-1.516309,12.390136],[-1.516108,12.390146]]},"properties":{"nom":null,"type":"Rue","revetement":"Bitumé(BITU_VUL)","eclairage":null,"piste_cyclable":null,"arrondissement":null}},{"type":"Feature","geometry":{"type":"LineString","coordinates":[[-1.516108,12.390146],[-1.516271,12.390202],[-1.516459,12.390222],[-1.516502,12.39023],[-1.516535,12.390237],[-1.516554,12.390241]]},"properties":{"nom":"Rue 24.02","type":"Rue","revetement":"Bitumé(BITU_VUL)","eclairage":null,"piste_cyclable":null,"arrondissement":null}},{"type":"Feature","geometry":{"type":"LineString","coordinates":[[-1.516608,12.390592],[-1.516607,12.3905],[-1.516614,12.390435],[-1.516628,12.390363],[-1.516642,12.390324],[-1.516667,12.390247],[-1.516679,12.390209]]},"properties":{"nom":"Rue Nongremasson","type":"Rue","revetement":"Bitumé(BITU_VUL)","eclairage":null,"piste_cyclable":null,"arrondissement":null}},{"type":"Feature","geometry":{"type":"LineString","coordinates":[[-1.517234,12.390316],[-1.516818,12.390183],[-1.516781,12.390162],[-1.516744,12.39013],[-1.516714,12.390101],[-1.516685,12.390062],[-1.51666,12.390023],[-1.516641,12.389981],[-1.516633,12.38995],[-1.516585,12.389719]]},"properties":{"nom":null,"type":"Rue","revetement":"Bitumé(BITU_VUL)","eclairage":null,"piste_cyclable":null,"arrondissement":null}},{"type":"Feature","geometry":{"type":"LineString","coordinates":[[-1.516555,12.390114],[-1.516353,12.390146],[-1.516272,12.390163],[-1.516108,12.390146]]},"properties":{"nom":"Rue 24.02","type":"Rue","revetement":"Bitumé(BITU_VUL)","eclairage":null,"piste_cyclable":null,"arrondissement":null}},{"type":"Feature","geometry":{"type":"LineString","coordinates":[[-1.516555,12.390114],[-1.516539,12.39013],[-1.516524,12.39016],[-1.516523,12.390189]]},"properties":{"nom":null,"type":"Rue","revetement":"Bitumé(BITU_VUL)","eclairage":null,"piste_cyclable":null,"arrondissement":null}},{"type":"Feature","geometry":{"type":"LineString","coordinates":[[-1.516523,12.390189],[-1.516535,12.390237],[-1.516574,12.390387],[-1.516585,12.390452],[-1.516608,12.390592]]},"properties":{"nom":"Rue Nongremasson","type":"Rue","revetement":"Bitumé(BITU_VUL)","eclairage":null,"piste_cyclable":null,"arrondissement":null}},{"type":"Feature","geometry":{"type":"LineString","coordinates":[[-1.517234,12.390316],[-1.518557,12.390641],[-1.518756,12.390689],[-1.518941,12.39073],[-1.519127,12.390757],[-1.519452,12.390794],[-1.520605,12.390897],[-1.52275,12.391086],[-1.524296,12.391226],[-1.526325,12.391434],[-1.526846,12.391478],[-1.527376,12.391529],[-1.529173,12.39171],[-1.529673,12.391748],[-1.53149,12.391841],[-1.5331,12.391924],[-1.534373,12.391976],[-1.534944,12.391999],[-1.537813,12.392149],[-1.53989,12.392246],[-1.550096,12.392737],[-1.550218,12.392725],[-1.550333,12.392693],[-1.550423,12.392613],[-1.55049,12.392513]]},"properties":{"nom":"Rue 23.02","type":"Rue","revetement":"Bitumé(BITU_VUL)","eclairage":null,"piste_cyclable":null,"arrondissement":null}},{"type":"Feature","geometry":{"type":"LineString","coordinates":[[-1.516673,12.390136],[-1.516649,12.390086],[-1.516636,12.390052],[-1.516623,12.39001],[-1.516585,12.389719]]},"properties":{"nom":"Rue Nongremasson","type":"Rue","revetement":"Bitumé(BITU_VUL)","eclairage":null,"piste_cyclable":null,"arrondissement":null}},{"type":"Feature","geometry":{"type":"LineString","coordinates":[[-1.517234,12.390316],[-1.516789,12.390199],[-1.516754,12.390188],[-1.516722,12.390173],[-1.516673,12.390136]]},"properties":{"nom":"Rue 23.02","type":"Rue","revetement":"Bitumé(BITU_VUL)","eclairage":null,"piste_cyclable":null,"arrondissement":null}},{"type":"Feature","geometry":{"type":"LineString","coordinates":[[-1.516585,12.389719],[-1.516588,12.389986],[-1.516583,12.390038],[-1.516571,12.390073],[-1.516555,12.390114]]},"properties":{"nom":"Rue Nongremasson","type":"Rue","revetement":"Bitumé(BITU_VUL)","eclairage":null,"piste_cyclable":null,"arrondissement":null}},{"type":"Feature","geometry":{"type":"LineString","coordinates":[[-1.516627,12.390252],[-1.516667,12.390247],[-1.51673,12.390245],[-1.516773,12.390249],[-1.517025,12.390285],[-1.517234,12.390316]]},"properties":{"nom":"Rue 23.02","type":"Rue","revetement":"Bitumé(BITU_VUL)","eclairage":null,"piste_cyclable":null,"arrondissement":null}},{"type":"Feature","geometry":{"type":"LineString","coordinates":[[-1.516271,12.390202],[-1.516335,12.390233],[-1.516373,12.390249],[-1.516416,12.390277],[-1.516457,12.390314],[-1.516486,12.390342],[-1.516523,12.390406],[-1.516608,12.390592]]},"properties":{"nom":null,"type":"Rue","revetement":"Bitumé(BITU_VUL)","eclairage":null,"piste_cyclable":null,"arrondissement":null}},{"type":"Feature","geometry":{"type":"LineString","coordinates":[[-1.516608,12.390592],[-1.516682,12.390418],[-1.516703,12.390382],[-1.516752,12.39034],[-1.516791,12.390314],[-1.516827,12.390301],[-1.516874,12.39029],[-1.517025,12.390285]]},"properties":{"nom":null,"type":"Rue","revetement":"Bitumé(BITU_VUL)","eclairage":null,"piste_cyclable":null,"arrondissement":null}},{"type":"Feature","geometry":{"type":"LineString","coordinates":[[-1.486409,12.363989],[-1.486398,12.364271],[-1.486381,12.364748],[-1.486363,12.36525],[-1.486353,12.365512],[-1.486346,12.365695],[-1.486328,12.366193],[-1.486307,12.366792],[-1.486281,12.367482],[-1.486254,12.368234],[-1.486227,12.368989],[-1.486192,12.369939],[-1.486168,12.370598],[-1.486142,12.371297],[-1.486111,12.37216],[-1.486086,12.372851],[-1.486045,12.373961],[-1.486021,12.374645],[-1.485981,12.375736]]},"properties":{"nom":"Avenue Lamine Gueye","type":"Avenue","revetement":"Bitumé(BITU_VUL)","eclairage":"Eclairage électrique (EE_VUL)","piste_cyclable":null,"arrondissement":null}},{"type":"Feature","geometry":{"type":"LineString","coordinates":[[-1.490276,12.356171],[-1.490565,12.355742],[-1.491092,12.354959],[-1.491467,12.354399],[-1.492034,12.353554],[-1.492186,12.353327],[-1.493429,12.351473],[-1.493984,12.350653],[-1.494486,12.349897],[-1.49556,12.348294],[-1.496479,12.346903],[-1.497395,12.345517],[-1.498288,12.344164],[-1.498943,12.34317],[-1.499186,12.342795],[-1.500083,12.341447],[-1.500169,12.341317],[-1.501076,12.339944],[-1.502011,12.338528],[-1.502436,12.338032],[-1.502994,12.337592],[-1.503255,12.337376],[-1.503606,12.337222],[-1.504463,12.337069],[-1.505691,12.337036],[-1.507722,12.337099],[-1.508132,12.337187],[-1.508215,12.337342],[-1.508726,12.33766],[-1.509221,12.337971],[-1.51033,12.3387],[-1.511133,12.3392],[-1.511385,12.339314],[-1.511579,12.339376],[-1.511805,12.339419],[-1.51248,12.339445],[-1.513115,12.339447],[-1.514286,12.33944],[-1.514431,12.339444],[-1.514757,12.339461],[-1.51494,12.339474],[-1.515398,12.339483],[-1.515512,12.339488],[-1.516015,12.339496],[-1.516601,12.339493],[-1.51771,12.339467],[-1.51827,12.338692],[-1.519254,12.337318],[-1.51994,12.336188],[-1.519935,12.335756],[-1.519921,12.33433],[-1.519907,12.332871]]},"properties":{"nom":"Rue 15.13","type":"Rue","revetement":"Bitumé(BITU_VUL)","eclairage":"2","piste_cyclable":"1","arrondissement":null}},{"type":"Feature","geometry":{"type":"LineString","coordinates":[[-1.503378,12.309802],[-1.503259,12.309769],[-1.503174,12.309749],[-1.503101,12.309734],[-1.503014,12.309719],[-1.502932,12.309708],[-1.502836,12.309698],[-1.502726,12.309691],[-1.502602,12.309689],[-1.502578,12.30969],[-1.502511,12.309691],[-1.502432,12.309696],[-1.502355,12.309703],[-1.502274,12.309713],[-1.5022,12.309724],[-1.502072,12.309748],[-1.501968,12.309773],[-1.501935,12.309783]]},"properties":{"nom":null,"type":"Rue","revetement":"Bitumé(BITU_VUL)","eclairage":null,"piste_cyclable":null,"arrondissement":null}},{"type":"Feature","geometry":{"type":"LineString","coordinates":[[-1.514717,12.365654],[-1.515331,12.365518],[-1.516585,12.365255],[-1.517085,12.365164],[-1.517804,12.36506],[-1.518387,12.364972]]},"properties":{"nom":"Avenue Houari Boumedienne","type":"Avenue","revetement":"Bitumé(BITU_VUL)","eclairage":"Eclairage électrique (EE_VUL)","piste_cyclable":null,"arrondissement":null}},{"type":"Feature","geometry":{"type":"LineString","coordinates":[[-1.512998,12.308115],[-1.512772,12.30808],[-1.512588,12.308105],[-1.512435,12.308237],[-1.512349,12.308344],[-1.512328,12.308483]]},"properties":{"nom":null,"type":"Rue","revetement":"Bitumé(BITU_VUL)","eclairage":null,"piste_cyclable":null,"arrondissement":null}},{"type":"Feature","geometry":{"type":"LineString","coordinates":[[-1.513292,12.306813],[-1.513232,12.306676],[-1.513209,12.306613],[-1.513161,12.306535],[-1.513085,12.306456],[-1.513006,12.306365],[-1.512897,12.306274],[-1.512769,12.306204],[-1.512616,12.306143],[-1.512459,12.306124],[-1.512273,12.306132],[-1.512102,12.306167],[-1.511885,12.306282],[-1.511391,12.306758]]},"properties":{"nom":null,"type":"Rue","revetement":"Bitumé(BITU_VUL)","eclairage":null,"piste_cyclable":null,"arrondissement":null}},{"type":"Feature","geometry":{"type":"LineString","coordinates":[[-1.516864,12.308627],[-1.516856,12.309489]]},"properties":{"nom":null,"type":"Rue","revetement":"Bitumé(BITU_VUL)","eclairage":null,"piste_cyclable":null,"arrondissement":null}},{"type":"Feature","geometry":{"type":"LineString","coordinates":[[-1.531434,12.317408],[-1.531289,12.317408],[-1.530851,12.317407],[-1.530011,12.317407],[-1.529952,12.317406],[-1.529287,12.317406],[-1.528691,12.317411],[-1.528548,12.317422]]},"properties":{"nom":"Rue Liwaga","type":"Rue","revetement":"Bitumé(BITU_VUL)","eclairage":null,"piste_cyclable":null,"arrondissement":null}},{"type":"Feature","geometry":{"type":"LineString","coordinates":[[-1.475596,12.370461],[-1.475429,12.370352],[-1.474902,12.37001],[-1.474415,12.369693],[-1.473884,12.369347],[-1.473459,12.369072],[-1.4726,12.368513],[-1.47217,12.368234],[-1.471328,12.367687],[-1.470887,12.367401],[-1.469764,12.36667],[-1.469286,12.366364],[-1.468805,12.366059],[-1.467905,12.365488],[-1.467445,12.365196],[-1.466539,12.364622],[-1.465598,12.364021],[-1.465142,12.363732],[-1.464705,12.363454],[-1.463615,12.362746]]},"properties":{"nom":"Avenue Kanzandé Leopold","type":"Avenue","revetement":"Bitumé(BITU_VUL)","eclairage":"Eclairage électrique (EE_VUL)","piste_cyclable":null,"arrondissement":null}},{"type":"Feature","geometry":{"type":"LineString","coordinates":[[-1.528231,12.339508],[-1.528073,12.339464],[-1.527987,12.339445],[-1.5279,12.339444],[-1.527722,12.339466],[-1.527461,12.339525],[-1.527208,12.339582],[-1.526839,12.339668],[-1.526136,12.339834]]},"properties":{"nom":"Boulevard Ratag Pima","type":"Boulevard","revetement":"Bitumé(BITU_VUL)","eclairage":"Eclairage électrique (EE_VUL)","piste_cyclable":"Oui","arrondissement":null}},{"type":"Feature","geometry":{"type":"LineString","coordinates":[[-1.532069,12.340582],[-1.531398,12.340394],[-1.530809,12.34023],[-1.53045,12.340129],[-1.529865,12.339966],[-1.52936,12.339824],[-1.528942,12.339707],[-1.528698,12.339639],[-1.528231,12.339508]]},"properties":{"nom":"Boulevard Ratag Pima","type":"Boulevard","revetement":"Bitumé(BITU_VUL)","eclairage":"Eclairage électrique (EE_VUL)","piste_cyclable":"Oui","arrondissement":null}},{"type":"Feature","geometry":{"type":"LineString","coordinates":[[-1.532069,12.340582],[-1.532194,12.340187],[-1.532214,12.340097],[-1.532201,12.340008],[-1.532172,12.339913],[-1.531887,12.339191],[-1.531566,12.338383],[-1.531224,12.337543],[-1.531135,12.33732],[-1.53099,12.336959],[-1.53086,12.336654],[-1.530791,12.336464]]},"properties":{"nom":"Avenue Kanazoe","type":"Avenue","revetement":"Bitumé(BITU_VUL)","eclairage":"Eclairage électrique (EE_VUL)","piste_cyclable":null,"arrondissement":null}},{"type":"Feature","geometry":{"type":"LineString","coordinates":[[-1.532289,12.345881],[-1.532245,12.345324],[-1.532219,12.344656],[-1.532172,12.344157],[-1.532174,12.344052],[-1.53217,12.343668],[-1.532169,12.343432],[-1.532121,12.342813],[-1.532002,12.341023],[-1.531997,12.340911],[-1.532003,12.340786],[-1.532028,12.340692],[-1.532069,12.340582]]},"properties":{"nom":"Avenue Kanazoe","type":"Avenue","revetement":"Bitumé(BITU_VUL)","eclairage":"Eclairage électrique (EE_VUL)","piste_cyclable":null,"arrondissement":null}},{"type":"Feature","geometry":{"type":"LineString","coordinates":[[-1.531113,12.348018],[-1.531599,12.347157],[-1.531863,12.346688],[-1.532246,12.346028],[-1.532277,12.345961],[-1.532289,12.345881]]},"properties":{"nom":"Avenue Kanazoe","type":"Avenue","revetement":"Bitumé(BITU_VUL)","eclairage":"Eclairage électrique (EE_VUL)","piste_cyclable":null,"arrondissement":null}},{"type":"Feature","geometry":{"type":"LineString","coordinates":[[-1.530791,12.336464],[-1.530688,12.336257]]},"properties":{"nom":"Avenue Kanazoe","type":"Avenue","revetement":"Bitumé(BITU_VUL)","eclairage":"Eclairage électrique (EE_VUL)","piste_cyclable":null,"arrondissement":null}},{"type":"Feature","geometry":{"type":"LineString","coordinates":[[-1.53066,12.336435],[-1.530688,12.336257]]},"properties":{"nom":"Avenue Kanazoe","type":"Avenue","revetement":"Bitumé(BITU_VUL)","eclairage":"Eclairage électrique (EE_VUL)","piste_cyclable":null,"arrondissement":null}},{"type":"Feature","geometry":{"type":"LineString","coordinates":[[-1.578322,12.338341],[-1.579041,12.337994],[-1.579717,12.337669],[-1.580414,12.337383],[-1.580792,12.337229],[-1.581378,12.336989],[-1.581448,12.336961],[-1.581964,12.336749],[-1.582198,12.336654],[-1.582603,12.336488],[-1.583014,12.33632],[-1.58332,12.336195],[-1.583426,12.336152],[-1.583905,12.335956],[-1.584357,12.335771],[-1.584983,12.335476]]},"properties":{"nom":"Rue 17.582","type":"Rue","revetement":"Bitumé(BITU_VUL)","eclairage":null,"piste_cyclable":null,"arrondissement":null}},{"type":"Feature","geometry":{"type":"LineString","coordinates":[[-1.514522,12.397709],[-1.514559,12.397919],[-1.514569,12.398159]]},"properties":{"nom":null,"type":"Rue","revetement":"Bitumé(BITU_VUL)","eclairage":null,"piste_cyclable":null,"arrondissement":null}},{"type":"Feature","geometry":{"type":"LineString","coordinates":[[-1.514569,12.398159],[-1.514671,12.397976],[-1.514796,12.397804]]},"properties":{"nom":null,"type":"Rue","revetement":"Bitumé(BITU_VUL)","eclairage":null,"piste_cyclable":null,"arrondissement":null}},{"type":"Feature","geometry":{"type":"LineString","coordinates":[[-1.520505,12.37476],[-1.520788,12.375817],[-1.521152,12.37727],[-1.521306,12.377907],[-1.521313,12.377936],[-1.521477,12.378609],[-1.521681,12.379461],[-1.521894,12.380307]]},"properties":{"nom":"Avenue Dimdolobsom","type":"Avenue","revetement":"Bitumé(BITU_VUL)","eclairage":"Eclairage électrique (EE_VUL)","piste_cyclable":null,"arrondissement":null}},{"type":"Feature","geometry":{"type":"LineString","coordinates":[[-1.514522,12.397709],[-1.514605,12.39777],[-1.51467,12.397795],[-1.514796,12.397804]]},"properties":{"nom":null,"type":"Rue","revetement":"Bitumé(BITU_VUL)","eclairage":null,"piste_cyclable":null,"arrondissement":null}},{"type":"Feature","geometry":{"type":"LineString","coordinates":[[-1.516679,12.390209],[-1.516685,12.39018],[-1.516682,12.390159],[-1.516673,12.390136]]},"properties":{"nom":null,"type":"Rue","revetement":"Bitumé(BITU_VUL)","eclairage":null,"piste_cyclable":null,"arrondissement":null}},{"type":"Feature","geometry":{"type":"LineString","coordinates":[[-1.516673,12.390136],[-1.516658,12.390119],[-1.516632,12.390104],[-1.516604,12.390099],[-1.516578,12.390103],[-1.516555,12.390114]]},"properties":{"nom":null,"type":"Rue","revetement":"Bitumé(BITU_VUL)","eclairage":null,"piste_cyclable":null,"arrondissement":null}},{"type":"Feature","geometry":{"type":"LineString","coordinates":[[-1.516554,12.390241],[-1.516577,12.390253],[-1.516604,12.390258],[-1.516627,12.390252],[-1.516641,12.390249],[-1.516664,12.390231],[-1.516679,12.390209]]},"properties":{"nom":null,"type":"Rue","revetement":"Bitumé(BITU_VUL)","eclairage":null,"piste_cyclable":null,"arrondissement":null}},{"type":"Feature","geometry":{"type":"LineString","coordinates":[[-1.514851,12.397184],[-1.514721,12.397172],[-1.51458,12.397218],[-1.514493,12.397302],[-1.514441,12.397408],[-1.51443,12.397484],[-1.514436,12.397548],[-1.514458,12.397616],[-1.514522,12.397709]]},"properties":{"nom":null,"type":"Rue","revetement":"Bitumé(BITU_VUL)","eclairage":null,"piste_cyclable":null,"arrondissement":null}},{"type":"Feature","geometry":{"type":"LineString","coordinates":[[-1.516523,12.390189],[-1.516532,12.390215],[-1.516554,12.390241]]},"properties":{"nom":null,"type":"Rue","revetement":"Bitumé(BITU_VUL)","eclairage":null,"piste_cyclable":null,"arrondissement":null}},{"type":"Feature","geometry":{"type":"LineString","coordinates":[[-1.510134,12.374207],[-1.510171,12.374366],[-1.510249,12.374788],[-1.510484,12.37595],[-1.510535,12.376167],[-1.51104,12.378296]]},"properties":{"nom":"Avenue de l'Indépendance","type":"Avenue","revetement":"Bitumé(BITU_VUL)","eclairage":"Eclairage électrique (EE_VUL)","piste_cyclable":null,"arrondissement":null}},{"type":"Feature","geometry":{"type":"LineString","coordinates":[[-1.495293,12.358815],[-1.495427,12.358614],[-1.49581,12.358041],[-1.496162,12.357514],[-1.496457,12.357106],[-1.49675,12.356634],[-1.496832,12.356512],[-1.497285,12.355833]]},"properties":{"nom":"Avenue des Arts","type":"Avenue","revetement":"Bitumé(BITU_VUL)","eclairage":"Eclairage électrique (EE_VUL)","piste_cyclable":null,"arrondissement":null}},{"type":"Feature","geometry":{"type":"LineString","coordinates":[[-1.501952,12.314529],[-1.502062,12.314556],[-1.502141,12.314572],[-1.502245,12.31459],[-1.502348,12.314603],[-1.50243,12.31461],[-1.502523,12.314616],[-1.502626,12.314618],[-1.502709,12.314616],[-1.502795,12.314612],[-1.502886,12.314604],[-1.502968,12.314594],[-1.503059,12.31458],[-1.50316,12.314561],[-1.503272,12.314534]]},"properties":{"nom":null,"type":"Rue","revetement":"Bitumé(BITU_VUL)","eclairage":null,"piste_cyclable":null,"arrondissement":null}},{"type":"Feature","geometry":{"type":"LineString","coordinates":[[-1.501935,12.309783],[-1.501865,12.309803],[-1.501768,12.309834],[-1.5017,12.30986],[-1.501629,12.309888],[-1.501525,12.309934],[-1.501434,12.30998],[-1.501369,12.310015],[-1.501274,12.31007],[-1.501196,12.31012],[-1.50114,12.310159],[-1.501091,12.310195],[-1.501011,12.310257],[-1.500934,12.310322],[-1.500866,12.310385],[-1.500801,12.310448],[-1.500734,12.31052],[-1.50067,12.310592],[-1.500624,12.310649],[-1.500573,12.310716],[-1.500529,12.310777],[-1.500482,12.310848],[-1.500414,12.310962],[-1.500366,12.311052],[-1.50032,12.311145],[-1.500275,12.31125],[-1.500247,12.311325],[-1.50022,12.311402],[-1.500198,12.31147],[-1.500175,12.311554],[-1.500156,12.311634],[-1.500143,12.311696],[-1.500123,12.311818],[-1.500111,12.311919],[-1.500104,12.312005],[-1.5001,12.3121],[-1.5001,12.312186],[-1.500102,12.312263],[-1.500111,12.312391],[-1.500128,12.312522],[-1.500139,12.312585],[-1.500155,12.312666],[-1.500173,12.312742],[-1.500193,12.312818],[-1.500214,12.312886],[-1.500238,12.31296],[-1.500262,12.313023],[-1.500295,12.313105],[-1.500332,12.313186],[-1.500358,12.313241],[-1.500402,12.313324],[-1.500445,12.313398],[-1.500492,12.313474],[-1.500559,12.313571],[-1.500601,12.313628],[-1.500657,12.313698],[-1.500719,12.313771],[-1.500776,12.313832],[-1.500847,12.313904],[-1.500906,12.31396],[-1.500977,12.314022],[-1.501043,12.314075],[-1.501089,12.31411],[-1.501157,12.31416],[-1.501217,12.3142],[-1.501304,12.314255],[-1.501381,12.314299],[-1.501476,12.314349],[-1.501577,12.314396],[-1.501669,12.314435],[-1.501747,12.314464],[-1.50186,12.314503],[-1.501952,12.314529]]},"properties":{"nom":null,"type":"Rue","revetement":"Bitumé(BITU_VUL)","eclairage":null,"piste_cyclable":null,"arrondissement":null}},{"type":"Feature","geometry":{"type":"LineString","coordinates":[[-1.530989,12.334021],[-1.531017,12.333963]]},"properties":{"nom":"Avenue Kanazoe","type":"Avenue","revetement":"Bitumé(BITU_VUL)","eclairage":"Eclairage électrique (EE_VUL)","piste_cyclable":null,"arrondissement":null}},{"type":"Feature","geometry":{"type":"LineString","coordinates":[[-1.530688,12.336257],[-1.530735,12.335886],[-1.530789,12.33546],[-1.530853,12.334965],[-1.530858,12.334921],[-1.530903,12.33457],[-1.530989,12.334021]]},"properties":{"nom":"Avenue Kanazoe","type":"Avenue","revetement":"Bitumé(BITU_VUL)","eclairage":"Eclairage électrique (EE_VUL)","piste_cyclable":null,"arrondissement":null}},{"type":"Feature","geometry":{"type":"LineString","coordinates":[[-1.53392,12.364814],[-1.533913,12.364846],[-1.533912,12.364869]]},"properties":{"nom":null,"type":"Rue","revetement":"Bitumé(BITU_VUL)","eclairage":null,"piste_cyclable":null,"arrondissement":null}},{"type":"Feature","geometry":{"type":"LineString","coordinates":[[-1.527103,12.369364],[-1.527011,12.36946],[-1.526892,12.369557],[-1.526703,12.369687],[-1.526545,12.369784],[-1.526336,12.369879],[-1.526103,12.369974]]},"properties":{"nom":"Avenue Nelson Mandela","type":"Avenue","revetement":"Bitumé(BITU_VUL)","eclairage":"Eclairage électrique (EE_VUL)","piste_cyclable":null,"arrondissement":null}},{"type":"Feature","geometry":{"type":"LineString","coordinates":[[-1.568863,12.388557],[-1.568894,12.388521],[-1.56892,12.388483],[-1.568948,12.388427],[-1.568966,12.38837],[-1.568975,12.38832],[-1.568977,12.388259],[-1.568975,12.388236],[-1.568967,12.388188],[-1.568953,12.388141],[-1.568929,12.388087],[-1.568891,12.388031]]},"properties":{"nom":null,"type":"Rue","revetement":"Bitumé(BITU_VUL)","eclairage":"Eclairage électrique (EE_VUL)","piste_cyclable":null,"arrondissement":null}},{"type":"Feature","geometry":{"type":"LineString","coordinates":[[-1.568189,12.388458],[-1.568214,12.3885],[-1.568245,12.38854],[-1.568277,12.388573],[-1.568313,12.388603],[-1.568343,12.388623],[-1.568386,12.388645],[-1.568432,12.388663],[-1.568478,12.388675],[-1.568518,12.388681],[-1.568561,12.388683],[-1.56861,12.388681],[-1.56863,12.388678],[-1.568684,12.388665],[-1.568742,12.388643],[-1.568797,12.388612],[-1.568841,12.388578],[-1.568863,12.388557]]},"properties":{"nom":null,"type":"Rue","revetement":"Bitumé(BITU_VUL)","eclairage":"Eclairage électrique (EE_VUL)","piste_cyclable":null,"arrondissement":null}},{"type":"Feature","geometry":{"type":"LineString","coordinates":[[-1.568966,12.38837],[-1.57338,12.389078],[-1.574409,12.389244],[-1.576907,12.389592],[-1.578788,12.389875],[-1.580055,12.390008],[-1.581343,12.390069],[-1.582444,12.390092],[-1.585599,12.390167],[-1.586635,12.390173],[-1.588708,12.39006],[-1.590707,12.390102],[-1.591738,12.390132],[-1.591884,12.390133],[-1.592136,12.390135],[-1.593149,12.390146],[-1.593549,12.390159],[-1.593673,12.39016],[-1.594168,12.390167],[-1.59463,12.390179],[-1.595563,12.390182],[-1.596761,12.390209],[-1.596853,12.390206],[-1.597583,12.390237],[-1.597952,12.390262],[-1.598351,12.390313],[-1.598652,12.390355],[-1.598949,12.390409],[-1.599299,12.390511],[-1.599638,12.390629],[-1.599994,12.390727],[-1.600291,12.390856],[-1.600518,12.390954],[-1.600681,12.391035],[-1.601015,12.391228],[-1.601259,12.391376],[-1.601373,12.391439],[-1.60152,12.39152],[-1.6017,12.391625],[-1.601961,12.391776],[-1.602335,12.391998],[-1.602914,12.392364],[-1.603368,12.392629],[-1.603891,12.392917],[-1.603934,12.392941],[-1.604601,12.393309],[-1.604804,12.393455],[-1.605026,12.393582],[-1.605354,12.393779],[-1.605873,12.394083],[-1.607562,12.395087],[-1.608066,12.395372],[-1.608233,12.3955],[-1.608399,12.395579],[-1.60861,12.395705],[-1.610098,12.396587],[-1.610441,12.396784],[-1.611395,12.397356],[-1.611792,12.397595],[-1.612169,12.39781],[-1.61282,12.398219],[-1.613574,12.398645],[-1.61403,12.398922],[-1.614852,12.399414],[-1.615582,12.399826],[-1.615777,12.399934],[-1.616184,12.400173],[-1.616419,12.400299],[-1.616629,12.400426],[-1.617285,12.400786],[-1.617706,12.401001],[-1.619334,12.401822],[-1.620483,12.40244],[-1.622401,12.403472],[-1.623097,12.403845],[-1.624095,12.404377],[-1.626931,12.405887],[-1.628209,12.406755],[-1.62829,12.406814],[-1.628444,12.406925],[-1.629378,12.407645],[-1.630079,12.408381],[-1.6336,12.412035],[-1.634287,12.412748],[-1.634857,12.413333],[-1.637912,12.416506],[-1.638149,12.416757],[-1.639492,12.418181],[-1.63998,12.418693],[-1.644789,12.424172],[-1.648229,12.428104],[-1.648322,12.428199],[-1.649813,12.429706],[-1.651875,12.431792],[-1.652424,12.432341],[-1.652644,12.432561]]},"properties":{"nom":"Avenue du Yatenga","type":"Avenue","revetement":"Bitumé(BITU_VUL)","eclairage":"Eclairage électrique (EE_VUL)","piste_cyclable":null,"arrondissement":null}},{"type":"Feature","geometry":{"type":"MultiLineString","coordinates":[[[-1.441547,12.443978],[-1.439272,12.445879],[-1.438152,12.446901],[-1.436539,12.448806],[-1.434274,12.451776],[-1.431985,12.45477],[-1.431266,12.455698],[-1.427225,12.460947],[-1.405381,12.489676]],[[-1.476526,12.414664],[-1.477698,12.413688],[-1.483674,12.408713],[-1.484409,12.408098],[-1.486157,12.40665],[-1.487696,12.405329],[-1.488106,12.404985],[-1.489155,12.404132],[-1.490147,12.403293],[-1.492229,12.401522],[-1.492308,12.401454],[-1.492964,12.400896],[-1.493779,12.400259],[-1.495873,12.398531],[-1.496491,12.397998],[-1.497387,12.397226],[-1.498009,12.396458],[-1.498401,12.395973],[-1.498585,12.395689],[-1.498687,12.395543],[-1.498804,12.395368],[-1.498915,12.395189],[-1.499424,12.394268],[-1.499845,12.393394],[-1.500003,12.393096],[-1.500333,12.392451],[-1.500544,12.392039],[-1.501262,12.390651],[-1.501327,12.390505],[-1.501378,12.390353],[-1.501466,12.390046],[-1.501533,12.389787],[-1.501753,12.38865],[-1.502281,12.386205],[-1.502318,12.386029]]]},"properties":{"nom":"N3","type":"2","revetement":"Bitumé(BITU_VUL)","eclairage":"2","piste_cyclable":null,"arrondissement":null}},{"type":"Feature","geometry":{"type":"LineString","coordinates":[[-1.553406,12.412461],[-1.553571,12.411507],[-1.553961,12.409432],[-1.55409,12.408744],[-1.55426,12.407841],[-1.554655,12.40552],[-1.554904,12.403999],[-1.554987,12.403491],[-1.555124,12.40256],[-1.555175,12.402267],[-1.555284,12.401638],[-1.555337,12.401331],[-1.555407,12.400949],[-1.555467,12.400572],[-1.555725,12.399069],[-1.555738,12.398992],[-1.556017,12.39736],[-1.55614,12.396642],[-1.556467,12.394919],[-1.556495,12.394769],[-1.556528,12.394595],[-1.55654,12.394533],[-1.556676,12.393692],[-1.556717,12.393441],[-1.556723,12.39337],[-1.55676,12.393192],[-1.556791,12.392944],[-1.556877,12.392402],[-1.55697,12.391796],[-1.557062,12.391268],[-1.557145,12.390764],[-1.557157,12.390705],[-1.557171,12.390623],[-1.557279,12.389998],[-1.557298,12.3899],[-1.557376,12.389447],[-1.557383,12.389405],[-1.557469,12.38892],[-1.557491,12.388798],[-1.557545,12.388488],[-1.557644,12.387907],[-1.557772,12.387155],[-1.557797,12.387089],[-1.55804,12.385781]]},"properties":{"nom":null,"type":"Rue","revetement":"Bitumé(BITU_VUL)","eclairage":null,"piste_cyclable":null,"arrondissement":null}},{"type":"Feature","geometry":{"type":"LineString","coordinates":[[-1.518387,12.364972],[-1.518474,12.364957],[-1.519046,12.364854],[-1.519516,12.36477],[-1.5196,12.364755],[-1.520669,12.364563],[-1.520734,12.364552],[-1.521726,12.364374],[-1.523684,12.364023],[-1.524589,12.363861],[-1.524733,12.363835]]},"properties":{"nom":"Avenue Houari Boumedienne","type":"Avenue","revetement":"Bitumé(BITU_VUL)","eclairage":"Eclairage électrique (EE_VUL)","piste_cyclable":null,"arrondissement":null}},{"type":"Feature","geometry":{"type":"LineString","coordinates":[[-1.515375,12.35759],[-1.515365,12.35764],[-1.515813,12.35951],[-1.516208,12.361343],[-1.516223,12.361408],[-1.516233,12.361454],[-1.516649,12.363292],[-1.517085,12.365164],[-1.517555,12.367337],[-1.517743,12.368074]]},"properties":{"nom":"Avenue de l'UEMOA","type":"Avenue","revetement":"Bitumé(BITU_VUL)","eclairage":"Eclairage électrique (EE_VUL)","piste_cyclable":null,"arrondissement":null}},{"type":"Feature","geometry":{"type":"LineString","coordinates":[[-1.530962,12.36782],[-1.530951,12.367822],[-1.530941,12.367824],[-1.530931,12.367827],[-1.530922,12.367831],[-1.530913,12.367837],[-1.530905,12.367843],[-1.530897,12.36785],[-1.53089,12.367857]]},"properties":{"nom":null,"type":"Rue","revetement":"Bitumé(BITU_VUL)","eclairage":null,"piste_cyclable":null,"arrondissement":null}},{"type":"Feature","geometry":{"type":"LineString","coordinates":[[-1.531071,12.367911],[-1.531069,12.3679],[-1.531066,12.367889],[-1.531062,12.367879],[-1.531057,12.367869],[-1.531051,12.36786],[-1.531043,12.367851],[-1.531035,12.367844],[-1.531026,12.367837],[-1.531016,12.367831],[-1.531006,12.367827],[-1.530995,12.367823],[-1.530984,12.367821],[-1.530973,12.36782],[-1.530962,12.36782]]},"properties":{"nom":null,"type":"Rue","revetement":"Bitumé(BITU_VUL)","eclairage":null,"piste_cyclable":null,"arrondissement":null}},{"type":"Feature","geometry":{"type":"LineString","coordinates":[[-1.502965,12.384742],[-1.503237,12.384527],[-1.50488,12.383227],[-1.504954,12.383168],[-1.505428,12.382795],[-1.505643,12.382624],[-1.506592,12.381872],[-1.507419,12.381218],[-1.507475,12.381174],[-1.507491,12.381161],[-1.508194,12.380605],[-1.508237,12.380571],[-1.509339,12.379699]]},"properties":{"nom":"Avenue Président Thomas Sankara","type":"Avenue","revetement":"Bitumé(BITU_VUL)","eclairage":"Eclairage électrique (EE_VUL)","piste_cyclable":null,"arrondissement":null}},{"type":"Feature","geometry":{"type":"LineString","coordinates":[[-1.530975,12.368019],[-1.530986,12.368018],[-1.530998,12.368015],[-1.531009,12.368011],[-1.531019,12.368006],[-1.531029,12.368],[-1.531038,12.367993],[-1.531046,12.367985],[-1.531053,12.367976],[-1.531059,12.367966],[-1.531064,12.367955],[-1.531068,12.367945],[-1.53107,12.367933],[-1.531071,12.367922],[-1.531071,12.367911]]},"properties":{"nom":null,"type":"Rue","revetement":"Bitumé(BITU_VUL)","eclairage":null,"piste_cyclable":null,"arrondissement":null}},{"type":"Feature","geometry":{"type":"LineString","coordinates":[[-1.568891,12.388031],[-1.568879,12.388015],[-1.56884,12.387976],[-1.568798,12.387944],[-1.568771,12.387927],[-1.568728,12.387905],[-1.568679,12.387888],[-1.56865,12.387881],[-1.568595,12.387873],[-1.568553,12.387872],[-1.568511,12.387875],[-1.56844,12.387889],[-1.568379,12.387913],[-1.568341,12.387933],[-1.568302,12.38796]]},"properties":{"nom":null,"type":"Rue","revetement":"Bitumé(BITU_VUL)","eclairage":"Eclairage électrique (EE_VUL)","piste_cyclable":null,"arrondissement":null}},{"type":"Feature","geometry":{"type":"LineString","coordinates":[[-1.502703,12.38499],[-1.50281,12.384933]]},"properties":{"nom":"Avenue Président Thomas Sankara","type":"Avenue","revetement":"Bitumé(BITU_VUL)","eclairage":"Eclairage électrique (EE_VUL)","piste_cyclable":null,"arrondissement":null}},{"type":"Feature","geometry":{"type":"LineString","coordinates":[[-1.528926,12.305761],[-1.528929,12.305569],[-1.528956,12.304812],[-1.528958,12.304535],[-1.529,12.303335],[-1.529021,12.302852],[-1.529041,12.302248],[-1.52906,12.301837],[-1.529087,12.301021],[-1.529124,12.300125],[-1.529159,12.298288],[-1.529168,12.297989],[-1.529333,12.293593],[-1.529362,12.292813],[-1.529437,12.290772],[-1.529524,12.288397],[-1.529847,12.281125],[-1.529914,12.279817],[-1.530228,12.273644],[-1.530358,12.271433]]},"properties":{"nom":"Avenue Norbert Zongo","type":"Avenue","revetement":"Bitumé(BITU_VUL)","eclairage":"Eclairage électrique (EE_VUL)","piste_cyclable":null,"arrondissement":null}},{"type":"Feature","geometry":{"type":"LineString","coordinates":[[-1.583243,12.390111],[-1.583623,12.388204],[-1.5825,12.386934],[-1.581486,12.385789],[-1.5804,12.385642],[-1.578629,12.385351],[-1.576859,12.38506],[-1.575102,12.384756],[-1.573342,12.384471],[-1.571564,12.384189],[-1.569601,12.383934]]},"properties":{"nom":"Rue du Commandant Moumouni","type":"Rue","revetement":"Bitumé(BITU_VUL)","eclairage":"2","piste_cyclable":null,"arrondissement":null}},{"type":"Feature","geometry":{"type":"LineString","coordinates":[[-1.605195,12.332938],[-1.605084,12.332971],[-1.59724,12.335533],[-1.59239,12.337482],[-1.585416,12.339646],[-1.581222,12.341097],[-1.580103,12.341528],[-1.579204,12.341815],[-1.577809,12.342069],[-1.577006,12.342196],[-1.574803,12.342388],[-1.572916,12.342636],[-1.57258,12.342708],[-1.570608,12.34323],[-1.568702,12.344045],[-1.567294,12.344803],[-1.564966,12.346209],[-1.563654,12.347006],[-1.562828,12.347506],[-1.56017,12.349064],[-1.555996,12.351661]]},"properties":{"nom":"Avenue Bouliougou","type":"Avenue","revetement":"Bitumé(BITU_VUL)","eclairage":"Eclairage électrique (EE_VUL)","piste_cyclable":"1","arrondissement":null}},{"type":"Feature","geometry":{"type":"LineString","coordinates":[[-1.555996,12.351661],[-1.551578,12.354229],[-1.547859,12.35641],[-1.546635,12.357197],[-1.545201,12.358046],[-1.543316,12.35914],[-1.542954,12.359365]]},"properties":{"nom":null,"type":"Rue","revetement":"Bitumé(BITU_VUL)","eclairage":null,"piste_cyclable":null,"arrondissement":null}},{"type":"Feature","geometry":{"type":"LineString","coordinates":[[-1.57358,12.346362],[-1.572894,12.343347],[-1.572676,12.342893]]},"properties":{"nom":"Avenue de l'ONEA","type":"Avenue","revetement":"Bitumé(BITU_VUL)","eclairage":"Eclairage électrique (EE_VUL)","piste_cyclable":null,"arrondissement":null}},{"type":"Feature","geometry":{"type":"LineString","coordinates":[[-1.509322,12.379707],[-1.509422,12.379867],[-1.509527,12.380022],[-1.509638,12.380174],[-1.509755,12.380322],[-1.509877,12.380466],[-1.510005,12.380605],[-1.510138,12.380739],[-1.510276,12.380868],[-1.510418,12.380992],[-1.510565,12.381111],[-1.510716,12.381225],[-1.510872,12.381333],[-1.511032,12.381435],[-1.511195,12.381531],[-1.511362,12.381622],[-1.511532,12.381706],[-1.511705,12.381784],[-1.511881,12.381856],[-1.512059,12.381921],[-1.51224,12.381979],[-1.512423,12.382032],[-1.512608,12.382077],[-1.512794,12.382116],[-1.512982,12.382147],[-1.51317,12.382172],[-1.51336,12.382191],[-1.51355,12.382202],[-1.51374,12.382206],[-1.513931,12.382203],[-1.514121,12.382194],[-1.514311,12.382178],[-1.515484,12.381974]]},"properties":{"nom":"Avenue de la Liberté","type":"Avenue","revetement":"Bitumé(BITU_VUL)","eclairage":"Eclairage électrique (EE_VUL)","piste_cyclable":null,"arrondissement":null}},{"type":"Feature","geometry":{"type":"LineString","coordinates":[[-1.521019,12.385873],[-1.519804,12.380968]]},"properties":{"nom":"Avenue Kiendrébéogo Moryambo","type":"Avenue","revetement":"Bitumé(BITU_VUL)","eclairage":"Eclairage électrique (EE_VUL)","piste_cyclable":null,"arrondissement":null}},{"type":"Feature","geometry":{"type":"LineString","coordinates":[[-1.523316,12.376746],[-1.523651,12.378095],[-1.52385,12.378959],[-1.524057,12.379843]]},"properties":{"nom":"Avenue Bandaogo Laurent","type":"Avenue","revetement":"Bitumé(BITU_VUL)","eclairage":"Eclairage électrique (EE_VUL)","piste_cyclable":null,"arrondissement":null}},{"type":"Feature","geometry":{"type":"LineString","coordinates":[[-1.442839,12.26242],[-1.445536,12.265848],[-1.449449,12.270786],[-1.452052,12.274104],[-1.455109,12.278018],[-1.457407,12.280919],[-1.45997,12.284179],[-1.462515,12.287431],[-1.463233,12.288254],[-1.467016,12.292668],[-1.472364,12.298842],[-1.474504,12.301322],[-1.475214,12.302182],[-1.475458,12.302459],[-1.475928,12.303078],[-1.476495,12.303636],[-1.476932,12.304172],[-1.477226,12.304453],[-1.479114,12.306465],[-1.479744,12.307147],[-1.486398,12.314977],[-1.488733,12.317657],[-1.490673,12.31992],[-1.497314,12.327657],[-1.497796,12.328216],[-1.498396,12.328792],[-1.498988,12.329282]]},"properties":{"nom":"Avenue Soutigui Kouyaté","type":"Avenue","revetement":"Bitumé(BITU_VUL)","eclairage":"Eclairage électrique (EE_VUL)","piste_cyclable":null,"arrondissement":null}},{"type":"Feature","geometry":{"type":"LineString","coordinates":[[-1.502745,12.295429],[-1.502726,12.309691]]},"properties":{"nom":"Boulevard Muammar Kaddafi","type":"Boulevard","revetement":"Bitumé(BITU_VUL)","eclairage":"Eclairage électrique (EE_VUL)","piste_cyclable":"Oui","arrondissement":null}},{"type":"Feature","geometry":{"type":"LineString","coordinates":[[-1.502626,12.314618],[-1.502588,12.328638],[-1.502632,12.329867],[-1.502576,12.331852]]},"properties":{"nom":"Boulevard Muammar Kaddafi","type":"Boulevard","revetement":"Bitumé(BITU_VUL)","eclairage":"Eclairage électrique (EE_VUL)","piste_cyclable":"Oui","arrondissement":null}},{"type":"Feature","geometry":{"type":"LineString","coordinates":[[-1.502556,12.332397],[-1.502534,12.332621],[-1.502377,12.332962],[-1.502215,12.333256],[-1.501878,12.333542],[-1.500429,12.334346],[-1.500048,12.334672],[-1.499346,12.335271],[-1.498713,12.335992]]},"properties":{"nom":"Boulevard T. Reongo","type":"Boulevard","revetement":"Bitumé(BITU_VUL)","eclairage":"Eclairage électrique (EE_VUL)","piste_cyclable":"Oui","arrondissement":null}},{"type":"Feature","geometry":{"type":"LineString","coordinates":[[-1.490479,12.300955],[-1.490645,12.285754]]},"properties":{"nom":null,"type":"Rue","revetement":"Bitumé(BITU_VUL)","eclairage":"2","piste_cyclable":null,"arrondissement":null}},{"type":"Feature","geometry":{"type":"LineString","coordinates":[[-1.509657,12.314619],[-1.508374,12.314621],[-1.507784,12.314622],[-1.50721,12.314623],[-1.506591,12.314624]]},"properties":{"nom":null,"type":"Rue","revetement":"Bitumé(BITU_VUL)","eclairage":null,"piste_cyclable":null,"arrondissement":null}},{"type":"Feature","geometry":{"type":"LineString","coordinates":[[-1.524374,12.332884],[-1.521141,12.332873],[-1.51614,12.332942],[-1.506895,12.332958],[-1.506778,12.332953]]},"properties":{"nom":null,"type":"Rue","revetement":"Bitumé(BITU_VUL)","eclairage":"Eclairage électrique (EE_VUL)","piste_cyclable":null,"arrondissement":null}},{"type":"Feature","geometry":{"type":"LineString","coordinates":[[-1.506778,12.332953],[-1.505399,12.33291],[-1.504859,12.332837],[-1.503974,12.332618],[-1.501607,12.331569],[-1.500799,12.331068],[-1.499106,12.329378]]},"properties":{"nom":null,"type":"Rue","revetement":"Bitumé(BITU_VUL)","eclairage":"Eclairage électrique (EE_VUL)","piste_cyclable":null,"arrondissement":null}},{"type":"Feature","geometry":{"type":"LineString","coordinates":[[-1.524374,12.332884],[-1.52451,12.332929],[-1.524643,12.332981],[-1.524773,12.333039],[-1.524901,12.333102],[-1.525025,12.333172],[-1.525146,12.333247],[-1.525263,12.333328],[-1.525376,12.333414],[-1.525485,12.333506]]},"properties":{"nom":null,"type":"Rue","revetement":"Bitumé(BITU_VUL)","eclairage":"Eclairage électrique (EE_VUL)","piste_cyclable":null,"arrondissement":null}},{"type":"Feature","geometry":{"type":"LineString","coordinates":[[-1.525827,12.332606],[-1.526282,12.332132]]},"properties":{"nom":null,"type":"Rue","revetement":"Bitumé(BITU_VUL)","eclairage":"Eclairage électrique (EE_VUL)","piste_cyclable":null,"arrondissement":null}},{"type":"Feature","geometry":{"type":"LineString","coordinates":[[-1.526299,12.332043],[-1.527795,12.325775],[-1.528278,12.323258],[-1.528469,12.321942],[-1.528624,12.314293],[-1.528926,12.305761]]},"properties":{"nom":"Boulevard de l'insurection","type":"Rue","revetement":"Bitumé(BITU_VUL)","eclairage":"Eclairage électrique (EE_VUL)","piste_cyclable":null,"arrondissement":null}},{"type":"Feature","geometry":{"type":"LineString","coordinates":[[-1.52521,12.309438],[-1.525178,12.307781]]},"properties":{"nom":null,"type":"Rue","revetement":"Bitumé(BITU_VUL)","eclairage":null,"piste_cyclable":null,"arrondissement":null}},{"type":"Feature","geometry":{"type":"LineString","coordinates":[[-1.474413,12.346622],[-1.473031,12.345672]]},"properties":{"nom":null,"type":"Rue","revetement":"Bitumé(BITU_VUL)","eclairage":null,"piste_cyclable":null,"arrondissement":null}},{"type":"Feature","geometry":{"type":"LineString","coordinates":[[-1.473031,12.345672],[-1.470215,12.343852]]},"properties":{"nom":null,"type":"Rue","revetement":"Bitumé(BITU_VUL)","eclairage":null,"piste_cyclable":null,"arrondissement":null}},{"type":"Feature","geometry":{"type":"LineString","coordinates":[[-1.463492,12.3393],[-1.467902,12.342323],[-1.470254,12.343877]]},"properties":{"nom":null,"type":"Rue","revetement":"Bitumé(BITU_VUL)","eclairage":"1","piste_cyclable":null,"arrondissement":null}},{"type":"Feature","geometry":{"type":"LineString","coordinates":[[-1.487496,12.381679],[-1.487455,12.381689],[-1.486748,12.381858],[-1.483989,12.382495],[-1.483372,12.382632]]},"properties":{"nom":"Avenue de la croix rouge","type":"Avenue","revetement":"Bitumé(BITU_VUL)","eclairage":"Eclairage électrique (EE_VUL)","piste_cyclable":null,"arrondissement":null}},{"type":"Feature","geometry":{"type":"LineString","coordinates":[[-1.486628,12.354069],[-1.489072,12.355463],[-1.49119,12.356691],[-1.493183,12.357845],[-1.494356,12.358539]]},"properties":{"nom":null,"type":"Rue","revetement":"Bitumé(BITU_VUL)","eclairage":"2","piste_cyclable":null,"arrondissement":null}},{"type":"Feature","geometry":{"type":"LineString","coordinates":[[-1.506663,12.367557],[-1.50583,12.367745],[-1.505499,12.367934],[-1.505089,12.368267],[-1.504902,12.368335],[-1.503274,12.368705],[-1.502786,12.368809],[-1.501245,12.368769],[-1.496145,12.368602],[-1.49399,12.36851],[-1.489575,12.368367],[-1.488607,12.36833],[-1.483921,12.368162]]},"properties":{"nom":null,"type":"Rue","revetement":"Bitumé(BITU_VUL)","eclairage":"2","piste_cyclable":null,"arrondissement":null}},{"type":"Feature","geometry":{"type":"LineString","coordinates":[[-1.472326,12.37533],[-1.472355,12.375331],[-1.472644,12.375341],[-1.473476,12.375372],[-1.473966,12.375391],[-1.475053,12.375431],[-1.476065,12.375468],[-1.477774,12.375532],[-1.479247,12.375587],[-1.479724,12.375604],[-1.480444,12.375631],[-1.481012,12.375645],[-1.497417,12.376163],[-1.498242,12.376052],[-1.507947,12.373992]]},"properties":{"nom":"Boulevard Charles de Gaulle","type":"Boulevard","revetement":"Bitumé(BITU_VUL)","eclairage":"Eclairage électrique (EE_VUL)","piste_cyclable":"Oui","arrondissement":null}},{"type":"Feature","geometry":{"type":"LineString","coordinates":[[-1.517401,12.353106],[-1.517808,12.355222],[-1.518265,12.357703],[-1.518634,12.359694],[-1.518978,12.361533],[-1.519408,12.363813],[-1.519583,12.364758],[-1.519783,12.365836],[-1.520147,12.367829],[-1.520348,12.368912],[-1.520345,12.368912]]},"properties":{"nom":"Avenue de Loudun","type":"Avenue","revetement":"Bitumé(BITU_VUL)","eclairage":"Eclairage électrique (EE_VUL)","piste_cyclable":null,"arrondissement":null}},{"type":"Feature","geometry":{"type":"LineString","coordinates":[[-1.516338,12.353641],[-1.516723,12.355668],[-1.517111,12.357781],[-1.517451,12.359596],[-1.517779,12.361406],[-1.518167,12.363454],[-1.518545,12.36543],[-1.518898,12.367341],[-1.519171,12.36884],[-1.519509,12.370735],[-1.519603,12.371307]]},"properties":{"nom":"Avenue Kwamé N'Krumah","type":"Avenue","revetement":"Bitumé(BITU_VUL)","eclairage":"Eclairage électrique (EE_VUL)","piste_cyclable":null,"arrondissement":null}},{"type":"Feature","geometry":{"type":"LineString","coordinates":[[-1.520162,12.37128],[-1.522036,12.370886],[-1.523575,12.370552],[-1.524724,12.370306],[-1.525927,12.370051],[-1.527352,12.369739],[-1.52873,12.369444]]},"properties":{"nom":"Avenue de la Nation","type":"Avenue","revetement":"Bitumé(BITU_VUL)","eclairage":"Eclairage électrique (EE_VUL)","piste_cyclable":null,"arrondissement":null}},{"type":"Feature","geometry":{"type":"LineString","coordinates":[[-1.520162,12.37128],[-1.520035,12.371302],[-1.51979,12.371415],[-1.519615,12.37154],[-1.519154,12.371862]]},"properties":{"nom":null,"type":"Rue","revetement":"Bitumé(BITU_VUL)","eclairage":null,"piste_cyclable":null,"arrondissement":null}},{"type":"Feature","geometry":{"type":"LineString","coordinates":[[-1.520035,12.371302],[-1.519603,12.371307]]},"properties":{"nom":null,"type":"Rue","revetement":"Bitumé(BITU_VUL)","eclairage":null,"piste_cyclable":null,"arrondissement":null}},{"type":"Feature","geometry":{"type":"LineString","coordinates":[[-1.519474,12.371489],[-1.519313,12.371751]]},"properties":{"nom":null,"type":"Rue","revetement":"Bitumé(BITU_VUL)","eclairage":null,"piste_cyclable":null,"arrondissement":null}},{"type":"Feature","geometry":{"type":"LineString","coordinates":[[-1.52604,12.333448],[-1.526325,12.333245],[-1.526418,12.3332],[-1.526521,12.333162],[-1.526617,12.33314],[-1.526712,12.333127]]},"properties":{"nom":null,"type":"Boulevard","revetement":"Bitumé(BITU_VUL)","eclairage":"Eclairage électrique (EE_VUL)","piste_cyclable":"Oui","arrondissement":null}},{"type":"Feature","geometry":{"type":"LineString","coordinates":[[-1.559316,12.400048],[-1.55979,12.397217],[-1.556145,12.396618]]},"properties":{"nom":null,"type":"Rue","revetement":"Bitumé(BITU_VUL)","eclairage":"2","piste_cyclable":null,"arrondissement":null}},{"type":"Feature","geometry":{"type":"LineString","coordinates":[[-1.497831,12.363114],[-1.500729,12.363197],[-1.501707,12.363221]]},"properties":{"nom":"Avenue Lamine Gueye","type":"Avenue","revetement":"Bitumé(BITU_VUL)","eclairage":"Eclairage électrique (EE_VUL)","piste_cyclable":null,"arrondissement":null}},{"type":"Feature","geometry":{"type":"LineString","coordinates":[[-1.493984,12.350653],[-1.490505,12.348372]]},"properties":{"nom":null,"type":"Rue","revetement":"Bitumé(BITU_VUL)","eclairage":null,"piste_cyclable":null,"arrondissement":null}},{"type":"Feature","geometry":{"type":"LineString","coordinates":[[-1.632424,12.325526],[-1.632445,12.326346],[-1.632445,12.326417],[-1.632446,12.327462],[-1.632443,12.332239],[-1.632479,12.332758],[-1.632609,12.333456],[-1.63286,12.334152],[-1.634599,12.337824],[-1.636406,12.34159],[-1.637197,12.343277],[-1.638394,12.345312],[-1.63867,12.346002],[-1.638804,12.346574],[-1.638872,12.347129],[-1.638764,12.350332],[-1.63867,12.352657],[-1.638666,12.353302],[-1.6388,12.353868]]},"properties":{"nom":null,"type":"Rue","revetement":"Bitumé(BITU_VUL)","eclairage":"2","piste_cyclable":null,"arrondissement":null}},{"type":"Feature","geometry":{"type":"MultiLineString","coordinates":[[[-1.442522,12.443176],[-1.443792,12.4421],[-1.445878,12.44034],[-1.44829,12.438325],[-1.448797,12.437901],[-1.448955,12.43777],[-1.44971,12.437139],[-1.449825,12.437042],[-1.450281,12.436662],[-1.451063,12.436007],[-1.452568,12.434748],[-1.452676,12.434657],[-1.453491,12.433972],[-1.454433,12.433186],[-1.454862,12.432828],[-1.455594,12.432217],[-1.456689,12.431304],[-1.457727,12.430438],[-1.4583,12.42996],[-1.459798,12.428706],[-1.459993,12.428542],[-1.461113,12.427604],[-1.462082,12.426793],[-1.462436,12.426497],[-1.462922,12.42609],[-1.463949,12.42523],[-1.465316,12.424085],[-1.465915,12.423583],[-1.467127,12.422565],[-1.467543,12.42222],[-1.467738,12.422059],[-1.467971,12.421861],[-1.468515,12.421405],[-1.468805,12.421161],[-1.469053,12.420952],[-1.470293,12.419912],[-1.47061,12.419646],[-1.471318,12.419052],[-1.471494,12.418904],[-1.472301,12.418226],[-1.4725,12.418059],[-1.473811,12.416959],[-1.475343,12.415673],[-1.475422,12.415606],[-1.476213,12.414943],[-1.476504,12.414698],[-1.476543,12.414666]],[[-1.442405,12.443274],[-1.441587,12.443958]]]},"properties":{"nom":"Avenue du Sanmatenga","type":"Avenue","revetement":"Bitumé(BITU_VUL)","eclairage":"2","piste_cyclable":null,"arrondissement":null}},{"type":"Feature","geometry":{"type":"LineString","coordinates":[[-1.557764,12.392778],[-1.556676,12.393692]]},"properties":{"nom":"rue 22.30","type":"Rue","revetement":"Bitumé(BITU_VUL)","eclairage":null,"piste_cyclable":null,"arrondissement":null}},{"type":"Feature","geometry":{"type":"LineString","coordinates":[[-1.569311,12.374851],[-1.569519,12.375194],[-1.569579,12.3753]]},"properties":{"nom":null,"type":"Rue","revetement":"Bitumé(BITU_VUL)","eclairage":null,"piste_cyclable":null,"arrondissement":null}},{"type":"Feature","geometry":{"type":"LineString","coordinates":[[-1.570205,12.379292],[-1.569731,12.376545],[-1.569579,12.3753]]},"properties":{"nom":"Rue 19.41","type":"Rue","revetement":"Bitumé(BITU_VUL)","eclairage":null,"piste_cyclable":null,"arrondissement":null}},{"type":"Feature","geometry":{"type":"LineString","coordinates":[[-1.423824,12.228982],[-1.440294,12.258658],[-1.441127,12.26014],[-1.442292,12.261724],[-1.442839,12.26242]]},"properties":{"nom":"RN5","type":"Rue","revetement":"Bitumé(BITU_VUL)","eclairage":"Eclairage électrique (EE_VUL)","piste_cyclable":null,"arrondissement":null}},{"type":"Feature","geometry":{"type":"LineString","coordinates":[[-1.585515,12.339615],[-1.585415,12.33939],[-1.584724,12.337652]]},"properties":{"nom":"Rue 17.571","type":"Rue","revetement":"Bitumé(BITU_VUL)","eclairage":null,"piste_cyclable":null,"arrondissement":null}},{"type":"Feature","geometry":{"type":"LineString","coordinates":[[-1.495126,12.347871],[-1.492194,12.345831]]},"properties":{"nom":null,"type":"Rue","revetement":"Bitumé(BITU_VUL)","eclairage":null,"piste_cyclable":null,"arrondissement":null}},{"type":"Feature","geometry":{"type":"LineString","coordinates":[[-1.494317,12.349025],[-1.491344,12.34713]]},"properties":{"nom":null,"type":"Rue","revetement":"Bitumé(BITU_VUL)","eclairage":null,"piste_cyclable":null,"arrondissement":null}},{"type":"Feature","geometry":{"type":"LineString","coordinates":[[-1.492809,12.349883],[-1.490907,12.352814]]},"properties":{"nom":null,"type":"Rue","revetement":"Bitumé(BITU_VUL)","eclairage":null,"piste_cyclable":null,"arrondissement":null}},{"type":"Feature","geometry":{"type":"LineString","coordinates":[[-1.494356,12.358539],[-1.494789,12.358812]]},"properties":{"nom":null,"type":"Rue","revetement":"Bitumé(BITU_VUL)","eclairage":"2","piste_cyclable":null,"arrondissement":null}},{"type":"Feature","geometry":{"type":"LineString","coordinates":[[-1.494325,12.359103],[-1.494356,12.358539]]},"properties":{"nom":"Avenue Babanguida","type":"Avenue","revetement":"Bitumé(BITU_VUL)","eclairage":"Eclairage électrique (EE_VUL)","piste_cyclable":null,"arrondissement":null}},{"type":"Feature","geometry":{"type":"LineString","coordinates":[[-1.507216,12.394522],[-1.506563,12.394467],[-1.505348,12.394364]]},"properties":{"nom":"Rue 24.34","type":"Rue","revetement":"Bitumé(BITU_VUL)","eclairage":"2","piste_cyclable":null,"arrondissement":null}},{"type":"Feature","geometry":{"type":"LineString","coordinates":[[-1.633283,12.325201],[-1.6323,12.325449],[-1.629086,12.326291],[-1.626084,12.327056],[-1.621578,12.328218],[-1.61499,12.33008],[-1.6106,12.331337],[-1.605195,12.332938]]},"properties":{"nom":"Avenue Bouliougou","type":"Avenue","revetement":"Bitumé(BITU_VUL)","eclairage":"Eclairage électrique (EE_VUL)","piste_cyclable":"1","arrondissement":null}},{"type":"Feature","geometry":{"type":"LineString","coordinates":[[-1.53037,12.262745],[-1.530342,12.262356],[-1.530261,12.261592],[-1.530095,12.260014],[-1.529953,12.258725],[-1.529771,12.257064],[-1.529709,12.256496],[-1.52958,12.25531],[-1.529295,12.252686],[-1.529119,12.251172],[-1.5288,12.248422],[-1.528324,12.24431],[-1.528115,12.24233],[-1.528093,12.241971],[-1.528058,12.241416],[-1.528115,12.240236],[-1.528735,12.235402]]},"properties":{"nom":"N6","type":"1","revetement":"Bitumé(BITU_VUL)","eclairage":"Eclairage électrique (EE_VUL)","piste_cyclable":null,"arrondissement":null}},{"type":"Feature","geometry":{"type":"LineString","coordinates":[[-1.526712,12.333127],[-1.526126,12.33296],[-1.525828,12.332906],[-1.525613,12.332863],[-1.525252,12.332796],[-1.524714,12.332835],[-1.524374,12.332884]]},"properties":{"nom":null,"type":"Rue","revetement":"Bitumé(BITU_VUL)","eclairage":"Eclairage électrique (EE_VUL)","piste_cyclable":null,"arrondissement":null}},{"type":"Feature","geometry":{"type":"LineString","coordinates":[[-1.510161,12.3742],[-1.510076,12.373811],[-1.510075,12.373768],[-1.51014,12.373609]]},"properties":{"nom":null,"type":"Avenue","revetement":"Bitumé(BITU_VUL)","eclairage":"Eclairage électrique (EE_VUL)","piste_cyclable":null,"arrondissement":null}},{"type":"Feature","geometry":{"type":"LineString","coordinates":[[-1.533543,12.365467],[-1.533907,12.365142],[-1.533972,12.36509],[-1.534103,12.365012]]},"properties":{"nom":null,"type":"Avenue","revetement":"Bitumé(BITU_VUL)","eclairage":"Eclairage électrique (EE_VUL)","piste_cyclable":null,"arrondissement":null}},{"type":"Feature","geometry":{"type":"LineString","coordinates":[[-1.542954,12.359365],[-1.540842,12.360673],[-1.538776,12.361958],[-1.534194,12.364772]]},"properties":{"nom":"Avenue Kadiogo","type":"Avenue","revetement":"Bitumé(BITU_VUL)","eclairage":"Eclairage électrique (EE_VUL)","piste_cyclable":null,"arrondissement":null}},{"type":"Feature","geometry":{"type":"LineString","coordinates":[[-1.569048,12.292803],[-1.56928,12.292519],[-1.569888,12.291766],[-1.570199,12.291437],[-1.570492,12.291251],[-1.571087,12.290929],[-1.572189,12.290297],[-1.573637,12.289418],[-1.573908,12.28922],[-1.574086,12.289039],[-1.574265,12.288834],[-1.574736,12.288236],[-1.575069,12.287807],[-1.575298,12.287443],[-1.576139,12.286375],[-1.576718,12.28564],[-1.577226,12.284896],[-1.577751,12.284109],[-1.578164,12.283491],[-1.578263,12.283342],[-1.579809,12.281242],[-1.580023,12.280952],[-1.580658,12.280298],[-1.58131,12.279711],[-1.581867,12.27919],[-1.581987,12.279091],[-1.582271,12.27883],[-1.582605,12.27843]]},"properties":{"nom":"Avenue de la Dignité","type":"Avenue","revetement":"Bitumé(BITU_VUL)","eclairage":"Eclairage électrique (EE_VUL)","piste_cyclable":"1","arrondissement":null}},{"type":"Feature","geometry":{"type":"LineString","coordinates":[[-1.572575,12.34271],[-1.572496,12.342514],[-1.572491,12.342498]]},"properties":{"nom":null,"type":"Rue","revetement":"Bitumé(BITU_VUL)","eclairage":"1","piste_cyclable":null,"arrondissement":null}},{"type":"Feature","geometry":{"type":"LineString","coordinates":[[-1.502576,12.331852],[-1.50256,12.332392],[-1.502556,12.332397]]},"properties":{"nom":"Boulevard Muammar Kaddafi","type":"Boulevard","revetement":"Bitumé(BITU_VUL)","eclairage":"Eclairage électrique (EE_VUL)","piste_cyclable":"Oui","arrondissement":null}},{"type":"Feature","geometry":{"type":"LineString","coordinates":[[-1.530358,12.271433],[-1.530475,12.269456],[-1.530514,12.265478],[-1.530475,12.264221],[-1.530398,12.263134],[-1.53037,12.262745]]},"properties":{"nom":"N6","type":"1","revetement":"Bitumé(BITU_VUL)","eclairage":"Eclairage électrique (EE_VUL)","piste_cyclable":null,"arrondissement":null}},{"type":"Feature","geometry":{"type":"LineString","coordinates":[[-1.656528,12.412276],[-1.65627,12.412705],[-1.655569,12.413866],[-1.654882,12.415003],[-1.654429,12.415755]]},"properties":{"nom":"Rue 36.563","type":"STPC","revetement":"TB","eclairage":"A","piste_cyclable":null,"arrondissement":"8"}},{"type":"Feature","geometry":{"type":"LineString","coordinates":[[-1.657217,12.412461],[-1.657115,12.412457],[-1.657014,12.412445],[-1.656914,12.412427],[-1.656816,12.412402],[-1.656719,12.41237],[-1.656626,12.412331],[-1.656535,12.412286],[-1.656448,12.412235],[-1.656364,12.412177],[-1.656286,12.412114],[-1.656212,12.412046],[-1.656143,12.411972],[-1.656079,12.411894],[-1.656022,12.411812],[-1.65597,12.411725],[-1.655925,12.411636],[-1.655887,12.411543],[-1.655855,12.411448],[-1.65583,12.411351],[-1.655813,12.411253],[-1.655803,12.411154],[-1.655799,12.411054],[-1.655804,12.410954],[-1.655815,12.410855],[-1.655834,12.410756],[-1.655859,12.41066],[-1.655892,12.410565],[-1.655931,12.410473],[-1.655977,12.410384],[-1.656029,12.410298],[-1.656088,12.410216],[-1.656152,12.410139],[-1.656222,12.410066],[-1.656296,12.409998],[-1.656376,12.409936],[-1.65646,12.409879],[-1.656547,12.409829],[-1.656639,12.409784],[-1.656733,12.409747],[-1.656829,12.409716],[-1.656928,12.409691],[-1.657028,12.409674],[-1.657129,12.409664],[-1.657231,12.409661],[-1.657333,12.409665],[-1.657434,12.409676],[-1.657534,12.409694],[-1.657632,12.409719],[-1.657728,12.409752],[-1.657822,12.40979],[-1.657913,12.409835],[-1.658,12.409887],[-1.658083,12.409944],[-1.658162,12.410007],[-1.658236,12.410076],[-1.658305,12.410149],[-1.658368,12.410227],[-1.658426,12.41031],[-1.658477,12.410396],[-1.658522,12.410486],[-1.658561,12.410578],[-1.658592,12.410673],[-1.658617,12.41077],[-1.658635,12.410868],[-1.658645,12.410968],[-1.658648,12.411068],[-1.658644,12.411168],[-1.658633,12.411267],[-1.658614,12.411365],[-1.658588,12.411462],[-1.658556,12.411557],[-1.658516,12.411649],[-1.65847,12.411738],[-1.658418,12.411824],[-1.65836,12.411905],[-1.658295,12.411983],[-1.658226,12.412056],[-1.658151,12.412123],[-1.658072,12.412186],[-1.657988,12.412242],[-1.6579,12.412293],[-1.657809,12.412337],[-1.657715,12.412375],[-1.657618,12.412406],[-1.65752,12.41243],[-1.657419,12.412447],[-1.657318,12.412458],[-1.657217,12.412461]]},"properties":{"nom":"Rond point","type":"STPC","revetement":"TB","eclairage":"A","piste_cyclable":null,"arrondissement":"8"}},{"type":"Feature","geometry":{"type":"LineString","coordinates":[[-1.552186,12.323113],[-1.555287,12.312821],[-1.555607,12.311815]]},"properties":{"nom":"Rue 29.1","type":null,"revetement":"TB","eclairage":null,"piste_cyclable":null,"arrondissement":"6"}},{"type":"Feature","geometry":{"type":"LineString","coordinates":[[-1.555607,12.311815],[-1.557374,12.307729],[-1.558592,12.30507],[-1.559824,12.30251]]},"properties":{"nom":"Rue 29.43","type":null,"revetement":"TB","eclairage":null,"piste_cyclable":null,"arrondissement":"6"}},{"type":"Feature","geometry":{"type":"LineString","coordinates":[[-1.563412,12.327747],[-1.562316,12.325984],[-1.552738,12.323227],[-1.552198,12.323071]]},"properties":{"nom":"Rue 28.2","type":null,"revetement":"TB","eclairage":null,"piste_cyclable":null,"arrondissement":"6"}},{"type":"Feature","geometry":{"type":"LineString","coordinates":[[-1.549458,12.339466],[-1.550014,12.338716],[-1.551274,12.337922],[-1.551906,12.337528],[-1.552488,12.337169],[-1.553116,12.336794],[-1.553533,12.336538],[-1.555316,12.335449],[-1.55722,12.334282]]},"properties":{"nom":"Rue Beida","type":null,"revetement":"TB","eclairage":null,"piste_cyclable":null,"arrondissement":"6"}},{"type":"Feature","geometry":{"type":"LineString","coordinates":[[-1.562141,12.342222],[-1.563011,12.341699],[-1.563498,12.341399],[-1.563693,12.34129],[-1.563979,12.341113],[-1.564457,12.340803],[-1.565991,12.33986],[-1.569547,12.33769],[-1.569561,12.337681],[-1.569562,12.33768]]},"properties":{"nom":"Avenue de la FraternitÃƒÂ©","type":null,"revetement":"TB","eclairage":null,"piste_cyclable":null,"arrondissement":"6"}},{"type":"Feature","geometry":{"type":"LineString","coordinates":[[-1.568642,12.34398],[-1.568434,12.343644],[-1.568375,12.34354],[-1.568221,12.343278],[-1.568018,12.343093],[-1.567872,12.342772],[-1.56775,12.342635],[-1.567468,12.34216],[-1.56709,12.341568],[-1.566781,12.341057],[-1.566433,12.340571],[-1.56575,12.33948],[-1.565144,12.338529],[-1.565037,12.338352],[-1.563224,12.335484]]},"properties":{"nom":"Avenue du ProgrÃƒÂ¨s","type":null,"revetement":"TB","eclairage":null,"piste_cyclable":null,"arrondissement":"6"}},{"type":"Feature","geometry":{"type":"LineString","coordinates":[[-1.563224,12.335484],[-1.561919,12.333375],[-1.561679,12.332986],[-1.560064,12.330429],[-1.558124,12.327388],[-1.55653,12.324832],[-1.556169,12.324214]]},"properties":{"nom":"Rue Pawamtore","type":null,"revetement":"TB","eclairage":null,"piste_cyclable":null,"arrondissement":"6"}},{"type":"Feature","geometry":{"type":"LineString","coordinates":[[-1.549904,12.331006],[-1.548993,12.330725],[-1.548144,12.330469],[-1.546158,12.329934],[-1.54429,12.329401],[-1.542349,12.328859],[-1.541353,12.328585],[-1.541023,12.328517],[-1.540221,12.328292]]},"properties":{"nom":"Rue de la Banque Mondiale","type":null,"revetement":"TB","eclairage":null,"piste_cyclable":null,"arrondissement":"6"}},{"type":"Feature","geometry":{"type":"LineString","coordinates":[[-1.5361,12.325949],[-1.535565,12.325753],[-1.53439,12.325432],[-1.533871,12.325325],[-1.533785,12.325312],[-1.532909,12.325102],[-1.532174,12.32496],[-1.531899,12.324862],[-1.530862,12.32472],[-1.530316,12.32459],[-1.529792,12.324524],[-1.529376,12.324393],[-1.528865,12.32434],[-1.527742,12.324149]]},"properties":{"nom":"Rue Warba","type":null,"revetement":"TB","eclairage":null,"piste_cyclable":null,"arrondissement":"6"}},{"type":"Feature","geometry":{"type":"LineString","coordinates":[[-1.540224,12.328278],[-1.539556,12.328117],[-1.53929,12.328003]]},"properties":{"nom":"Rue 25.360","type":null,"revetement":"TB","eclairage":null,"piste_cyclable":null,"arrondissement":"6"}},{"type":"Feature","geometry":{"type":"LineString","coordinates":[[-1.515739,12.335848],[-1.515725,12.333042]]},"properties":{"nom":"Rue 24.99","type":"STPC","revetement":"TB","eclairage":"SL","piste_cyclable":null,"arrondissement":"5"}},{"type":"Feature","geometry":{"type":"LineString","coordinates":[[-1.516872,12.335879],[-1.516877,12.333017]]},"properties":{"nom":"Rue 24.103","type":"STPC","revetement":"TB","eclairage":"SL","piste_cyclable":null,"arrondissement":"5"}},{"type":"Feature","geometry":{"type":"LineString","coordinates":[[-1.493907,12.349617],[-1.492622,12.348782]]},"properties":{"nom":"Rue 24.106","type":"STPC","revetement":"TB","eclairage":"SO","piste_cyclable":null,"arrondissement":"5"}},{"type":"Feature","geometry":{"type":"LineString","coordinates":[[-1.494772,12.348337],[-1.493488,12.347521]]},"properties":{"nom":"Rue 24.110","type":"STPC","revetement":"TB","eclairage":"SO","piste_cyclable":null,"arrondissement":"5"}},{"type":"Feature","geometry":{"type":"LineString","coordinates":[[-1.50012,12.341406],[-1.497019,12.339429],[-1.496455,12.33907]]},"properties":{"nom":"Rue 24.180","type":"STPC","revetement":"TB","eclairage":"SO","piste_cyclable":null,"arrondissement":"5"}},{"type":"Feature","geometry":{"type":"LineString","coordinates":[[-1.504508,12.337118],[-1.504507,12.336029],[-1.50453,12.33544],[-1.504536,12.334496],[-1.504539,12.333922],[-1.504513,12.33302]]},"properties":{"nom":"Rue 24.189","type":"STPC","revetement":"TB","eclairage":"SO","piste_cyclable":null,"arrondissement":"5"}},{"type":"Feature","geometry":{"type":"LineString","coordinates":[[-1.489811,12.355815],[-1.49008,12.355427],[-1.490362,12.354994],[-1.49065,12.354575],[-1.491579,12.353187],[-1.493472,12.350283],[-1.493907,12.349617],[-1.494343,12.348982],[-1.494772,12.348337],[-1.495253,12.347705],[-1.499614,12.341084]]},"properties":{"nom":"Rue RebdÃƒÂª-TaorÃƒÂ©","type":"STPC","revetement":"TB","eclairage":"SO","piste_cyclable":null,"arrondissement":"5"}},{"type":"Feature","geometry":{"type":"LineString","coordinates":[[-1.490241,12.352332],[-1.492195,12.349455],[-1.492622,12.348782],[-1.493052,12.348149],[-1.493488,12.347521],[-1.493851,12.346827],[-1.493817,12.346657],[-1.494558,12.345556],[-1.497454,12.341274],[-1.498142,12.340875],[-1.49847,12.340354],[-1.500814,12.336843]]},"properties":{"nom":"Rue du S.I.A.O.","type":"STPC","revetement":"TB","eclairage":"SO","piste_cyclable":null,"arrondissement":"5"}},{"type":"Feature","geometry":{"type":"LineString","coordinates":[[-1.493996,12.345189],[-1.49763,12.339819]]},"properties":{"nom":"Rue 24.207","type":"STPC","revetement":"TB","eclairage":"SO","piste_cyclable":null,"arrondissement":"5"}},{"type":"Feature","geometry":{"type":"LineString","coordinates":[[-1.496578,12.376148],[-1.497514,12.373228],[-1.497901,12.363125],[-1.497972,12.36126],[-1.498793,12.36013],[-1.499542,12.359057],[-1.499549,12.359047]]},"properties":{"nom":"Rue RÃƒÂ´osÃƒÂª","type":"TPCPC2","revetement":"TB","eclairage":"SO","piste_cyclable":null,"arrondissement":"5"}},{"type":"Feature","geometry":{"type":"LineString","coordinates":[[-1.500724,12.373337],[-1.499277,12.373294],[-1.498776,12.373287],[-1.497514,12.373228],[-1.496131,12.37319],[-1.494996,12.373151],[-1.493813,12.373111]]},"properties":{"nom":"Rue Aujoulat","type":"STPC","revetement":"TB","eclairage":"A","piste_cyclable":null,"arrondissement":"5"}},{"type":"Feature","geometry":{"type":"LineString","coordinates":[[-1.483683,12.37566],[-1.483718,12.374561],[-1.48374,12.37388],[-1.483777,12.372744],[-1.483798,12.372086],[-1.483828,12.371154],[-1.483849,12.370485],[-1.483871,12.369791],[-1.483899,12.368942],[-1.483923,12.368188],[-1.483949,12.367386]]},"properties":{"nom":"Rue Weemba Poko","type":"TPCPC2","revetement":"TB","eclairage":"SO","piste_cyclable":null,"arrondissement":"5"}},{"type":"Feature","geometry":{"type":"LineString","coordinates":[[-1.495477,12.385279],[-1.494124,12.385256],[-1.493399,12.38522],[-1.491981,12.385181],[-1.491216,12.385153],[-1.490047,12.385138]]},"properties":{"nom":"Rue Kurga","type":"STPC","revetement":"TB","eclairage":"A","piste_cyclable":null,"arrondissement":"5"}},{"type":"Feature","geometry":{"type":"LineString","coordinates":[[-1.496397,12.384621],[-1.494797,12.384523],[-1.493403,12.384485],[-1.492655,12.38446],[-1.492006,12.384447]]},"properties":{"nom":"Rue Benda","type":"STPC","revetement":"TB","eclairage":"A","piste_cyclable":null,"arrondissement":"5"}},{"type":"Feature","geometry":{"type":"LineString","coordinates":[[-1.491263,12.384417],[-1.489912,12.384394]]},"properties":{"nom":"Rue Dr. Balla Moussa TraorÃƒÂ©","type":"STPC","revetement":"TB","eclairage":"A","piste_cyclable":null,"arrondissement":"5"}},{"type":"Feature","geometry":{"type":"LineString","coordinates":[[-1.495542,12.383883],[-1.494817,12.38385],[-1.493453,12.383801]]},"properties":{"nom":"Rue Kindfu","type":"STPC","revetement":"TB","eclairage":"A","piste_cyclable":null,"arrondissement":"5"}},{"type":"Feature","geometry":{"type":"LineString","coordinates":[[-1.492675,12.383746],[-1.492051,12.383727],[-1.491288,12.383697],[-1.48972,12.383658]]},"properties":{"nom":"Rue Peen-Kunde","type":"STPC","revetement":"TB","eclairage":"A","piste_cyclable":null,"arrondissement":"5"}},{"type":"Feature","geometry":{"type":"LineString","coordinates":[[-1.495562,12.383109],[-1.493473,12.383046],[-1.492684,12.383026],[-1.491308,12.382973],[-1.48956,12.382933]]},"properties":{"nom":"Rue BizÃƒÂ¢ana","type":"STPC","revetement":"TB","eclairage":"A","piste_cyclable":null,"arrondissement":"5"}},{"type":"Feature","geometry":{"type":"LineString","coordinates":[[-1.492655,12.38446],[-1.492675,12.383746],[-1.492711,12.383027]]},"properties":{"nom":"Rue 22.17","type":"STPC","revetement":"TB","eclairage":"A","piste_cyclable":null,"arrondissement":"5"}},{"type":"Feature","geometry":{"type":"LineString","coordinates":[[-1.491916,12.386741],[-1.491981,12.385181],[-1.492006,12.384447],[-1.492051,12.383727]]},"properties":{"nom":"Rue Tantande","type":"STPC","revetement":"TB","eclairage":"A","piste_cyclable":null,"arrondissement":"5"}},{"type":"Feature","geometry":{"type":"LineString","coordinates":[[-1.489665,12.387259],[-1.4894,12.386152],[-1.489206,12.385343],[-1.489142,12.38504],[-1.488949,12.384239],[-1.488677,12.383062],[-1.488506,12.382291]]},"properties":{"nom":"Rue Worg-Ntondo","type":"STPC","revetement":"TB","eclairage":"A","piste_cyclable":null,"arrondissement":"5"}},{"type":"Feature","geometry":{"type":"LineString","coordinates":[[-1.488246,12.385014],[-1.488279,12.384272]]},"properties":{"nom":"Rue 22.31","type":"STPC","revetement":"TB","eclairage":"A","piste_cyclable":null,"arrondissement":"5"}},{"type":"Feature","geometry":{"type":"LineString","coordinates":[[-1.48705,12.382921],[-1.487736,12.382721],[-1.487484,12.381693]]},"properties":{"nom":"Rue 22.33","type":"STPC","revetement":"TB","eclairage":"A","piste_cyclable":null,"arrondissement":"5"}},{"type":"Feature","geometry":{"type":"LineString","coordinates":[[-1.488337,12.388329],[-1.488148,12.387631],[-1.487889,12.386535],[-1.487666,12.385721],[-1.487652,12.385721]]},"properties":{"nom":"Rue 22.37","type":"STPC","revetement":"TB","eclairage":"A","piste_cyclable":null,"arrondissement":"5"}},{"type":"Feature","geometry":{"type":"LineString","coordinates":[[-1.487985,12.385624],[-1.487833,12.385019]]},"properties":{"nom":"Rue 22.39","type":"STPC","revetement":"TB","eclairage":"A","piste_cyclable":null,"arrondissement":"5"}},{"type":"Feature","geometry":{"type":"LineString","coordinates":[[-1.489409,12.386189],[-1.487899,12.386576]]},"properties":{"nom":"Rue 22.40","type":"STPC","revetement":"TB","eclairage":"A","piste_cyclable":null,"arrondissement":"5"}},{"type":"Feature","geometry":{"type":"LineString","coordinates":[[-1.487591,12.385733],[-1.487413,12.384998]]},"properties":{"nom":"Rue 22.41","type":"STPC","revetement":"TB","eclairage":"A","piste_cyclable":null,"arrondissement":"5"}},{"type":"Feature","geometry":{"type":"LineString","coordinates":[[-1.487289,12.386324],[-1.483837,12.38716],[-1.483689,12.387197]]},"properties":{"nom":"Rue 22.42","type":"STPC","revetement":"TB","eclairage":"A","piste_cyclable":null,"arrondissement":"5"}},{"type":"Feature","geometry":{"type":"LineString","coordinates":[[-1.487148,12.384981],[-1.486984,12.384441]]},"properties":{"nom":"Rue 22.43","type":"STPC","revetement":"TB","eclairage":"A","piste_cyclable":null,"arrondissement":"5"}},{"type":"Feature","geometry":{"type":"LineString","coordinates":[[-1.489206,12.385343],[-1.487985,12.385624],[-1.487652,12.385721],[-1.487591,12.385733],[-1.486902,12.385882],[-1.486096,12.386072],[-1.485336,12.386263],[-1.484947,12.386364],[-1.484332,12.386502],[-1.483767,12.386656],[-1.483637,12.386695]]},"properties":{"nom":"Rue Baor-GÃƒÂ¢nga","type":"STPC","revetement":"TB","eclairage":"A","piste_cyclable":null,"arrondissement":"5"}},{"type":"Feature","geometry":{"type":"LineString","coordinates":[[-1.487392,12.38439],[-1.48705,12.382921],[-1.486776,12.381875]]},"properties":{"nom":"Rue El Hadj  Toumani Triande","type":"STPC","revetement":"TB","eclairage":"A","piste_cyclable":null,"arrondissement":"5"}},{"type":"Feature","geometry":{"type":"LineString","coordinates":[[-1.485325,12.385374],[-1.485849,12.385385],[-1.485982,12.385381],[-1.486327,12.385401],[-1.486352,12.385452],[-1.486374,12.385569],[-1.486017,12.385676],[-1.485313,12.385822],[-1.485223,12.385808],[-1.484849,12.385886]]},"properties":{"nom":"Rue 22.46","type":"STPC","revetement":"TB","eclairage":"A","piste_cyclable":null,"arrondissement":"5"}},{"type":"Feature","geometry":{"type":"LineString","coordinates":[[-1.490047,12.385138],[-1.489142,12.38504],[-1.488246,12.385014],[-1.487833,12.385019],[-1.487413,12.384998],[-1.487148,12.384981],[-1.486672,12.384975],[-1.485983,12.384947],[-1.48541,12.38495],[-1.48521,12.384943],[-1.484584,12.384928],[-1.483924,12.38493],[-1.483234,12.384897]]},"properties":{"nom":"Rue LampÃƒÂª","type":"STPC","revetement":"TB","eclairage":"A","piste_cyclable":null,"arrondissement":"5"}},{"type":"Feature","geometry":{"type":"LineString","coordinates":[[-1.488949,12.384239],[-1.488279,12.384272],[-1.488043,12.384273],[-1.487822,12.384275],[-1.487756,12.384297],[-1.487729,12.384314],[-1.487442,12.384383],[-1.486583,12.384493]]},"properties":{"nom":"Rue 22.50","type":"STPC","revetement":"TB","eclairage":"A","piste_cyclable":null,"arrondissement":"5"}},{"type":"Feature","geometry":{"type":"LineString","coordinates":[[-1.487784,12.388455],[-1.487289,12.386324],[-1.48717,12.385824]]},"properties":{"nom":"Rue 22.51","type":"STPC","revetement":"TB","eclairage":"A","piste_cyclable":null,"arrondissement":"5"}},{"type":"Feature","geometry":{"type":"LineString","coordinates":[[-1.486529,12.384404],[-1.48537,12.384686]]},"properties":{"nom":"Rue 22.52","type":"STPC","revetement":"TB","eclairage":"A","piste_cyclable":null,"arrondissement":"5"}},{"type":"Feature","geometry":{"type":"LineString","coordinates":[[-1.486902,12.385882],[-1.486672,12.384975],[-1.486583,12.384493],[-1.486529,12.384404],[-1.485994,12.38201],[-1.485794,12.381335],[-1.485859,12.379787],[-1.48589,12.379103],[-1.485913,12.378429],[-1.485946,12.377555],[-1.485937,12.376878],[-1.485974,12.376437],[-1.485981,12.376064],[-1.485971,12.375745]]},"properties":{"nom":"Rue Ganga","type":"STPC","revetement":"TB","eclairage":"A","piste_cyclable":null,"arrondissement":"5"}},{"type":"Feature","geometry":{"type":"LineString","coordinates":[[-1.486455,12.384076],[-1.485348,12.384352],[-1.485313,12.384362]]},"properties":{"nom":"Rue 22.54","type":"STPC","revetement":"TB","eclairage":"A","piste_cyclable":null,"arrondissement":"5"}},{"type":"Feature","geometry":{"type":"LineString","coordinates":[[-1.486126,12.386065],[-1.486017,12.385676],[-1.485899,12.385666],[-1.485849,12.385609],[-1.485822,12.38555],[-1.485857,12.385437],[-1.4859,12.385384],[-1.485978,12.385342],[-1.485991,12.385209],[-1.485997,12.385084],[-1.486001,12.384948]]},"properties":{"nom":"Rue 22.55","type":"STPC","revetement":"TB","eclairage":"A","piste_cyclable":null,"arrondissement":"5"}},{"type":"Feature","geometry":{"type":"LineString","coordinates":[[-1.487965,12.383405],[-1.487207,12.383595]]},"properties":{"nom":"Rue 22.56","type":"STPC","revetement":"TB","eclairage":"A","piste_cyclable":null,"arrondissement":"5"}},{"type":"Feature","geometry":{"type":"LineString","coordinates":[[-1.485709,12.384262],[-1.485413,12.383061],[-1.485413,12.383053]]},"properties":{"nom":"Rue 22.57","type":"STPC","revetement":"TB","eclairage":"A","piste_cyclable":null,"arrondissement":"5"}},{"type":"Feature","geometry":{"type":"LineString","coordinates":[[-1.48956,12.382933],[-1.488691,12.383122],[-1.488271,12.383215]]},"properties":{"nom":"Rue 22.58","type":"STPC","revetement":"TB","eclairage":"A","piste_cyclable":null,"arrondissement":"5"}},{"type":"Feature","geometry":{"type":"LineString","coordinates":[[-1.485436,12.38495],[-1.48537,12.384686],[-1.485313,12.384362],[-1.485008,12.383155]]},"properties":{"nom":"Rue 22.59","type":"STPC","revetement":"TB","eclairage":"A","piste_cyclable":null,"arrondissement":"5"}},{"type":"Feature","geometry":{"type":"LineString","coordinates":[[-1.487672,12.38246],[-1.486975,12.382635]]},"properties":{"nom":"Rue 22.62","type":"STPC","revetement":"TB","eclairage":"A","piste_cyclable":null,"arrondissement":"5"}},{"type":"Feature","geometry":{"type":"LineString","coordinates":[[-1.486186,12.382869],[-1.485413,12.383053],[-1.485008,12.383155],[-1.484254,12.383344]]},"properties":{"nom":"Rue 22.64","type":"STPC","revetement":"TB","eclairage":"A","piste_cyclable":null,"arrondissement":"5"}},{"type":"Feature","geometry":{"type":"LineString","coordinates":[[-1.484947,12.386364],[-1.484849,12.385886],[-1.484584,12.384928],[-1.484254,12.383344],[-1.484037,12.382498]]},"properties":{"nom":"Rue Pugla","type":"STPC","revetement":"TB","eclairage":"A","piste_cyclable":null,"arrondissement":"5"}},{"type":"Feature","geometry":{"type":"LineString","coordinates":[[-1.484332,12.386502],[-1.483392,12.382664]]},"properties":{"nom":"Rue 22.71","type":"STPC","revetement":"TB","eclairage":"A","piste_cyclable":null,"arrondissement":"5"}},{"type":"Feature","geometry":{"type":"LineString","coordinates":[[-1.475069,12.39572],[-1.474303,12.395879],[-1.471238,12.3966]]},"properties":{"nom":"Rue BissÃƒÂªmde","type":"STPC","revetement":"TB","eclairage":"A","piste_cyclable":null,"arrondissement":"5"}},{"type":"Feature","geometry":{"type":"LineString","coordinates":[[-1.485162,12.440685],[-1.480494,12.436001],[-1.475602,12.431116],[-1.470797,12.42631],[-1.467183,12.422544]]},"properties":{"nom":"Rue 19.337","type":"STPC","revetement":"TB","eclairage":"SO","piste_cyclable":null,"arrondissement":"4"}},{"type":"Feature","geometry":{"type":"LineString","coordinates":[[-1.550962,12.386286],[-1.55029,12.383536],[-1.549725,12.381351]]},"properties":{"nom":"Rue 9.7","type":"STPC","revetement":"TB","eclairage":"-","piste_cyclable":null,"arrondissement":"2"}},{"type":"Feature","geometry":{"type":"LineString","coordinates":[[-1.546939,12.379701],[-1.546671,12.37865]]},"properties":{"nom":"Rue 9.23","type":"STPC","revetement":"TB","eclairage":"-","piste_cyclable":null,"arrondissement":"2"}},{"type":"Feature","geometry":{"type":"LineString","coordinates":[[-1.547986,12.379423],[-1.546218,12.379876],[-1.545194,12.380124],[-1.543748,12.380479],[-1.539794,12.381411],[-1.535623,12.3824],[-1.534921,12.382552]]},"properties":{"nom":"Rue AbbÃƒÂ© OuÃƒÂ©draogo Robert","type":"STPC","revetement":"TB","eclairage":"SO","piste_cyclable":null,"arrondissement":"2"}},{"type":"Feature","geometry":{"type":"LineString","coordinates":[[-1.544571,12.37706],[-1.541325,12.37781],[-1.538343,12.378533],[-1.535456,12.37923],[-1.535189,12.379289]]},"properties":{"nom":"Rue Wiidi","type":"STPC","revetement":"TB","eclairage":"SO","piste_cyclable":null,"arrondissement":"2"}},{"type":"Feature","geometry":{"type":"LineString","coordinates":[[-1.542279,12.37548],[-1.539354,12.376123],[-1.535632,12.377032]]},"properties":{"nom":"Avenue de la LibertÃƒÂ©","type":"STPC","revetement":"TB","eclairage":"SO","piste_cyclable":null,"arrondissement":"2"}},{"type":"Feature","geometry":{"type":"LineString","coordinates":[[-1.538677,12.37301],[-1.53569,12.373782]]},"properties":{"nom":"Rue Leenga","type":"STPC","revetement":"TB","eclairage":"-","piste_cyclable":null,"arrondissement":"2"}},{"type":"Feature","geometry":{"type":"LineString","coordinates":[[-1.546714,12.378624],[-1.546758,12.378623],[-1.546769,12.378584],[-1.546769,12.378542],[-1.546746,12.378504],[-1.546713,12.378494],[-1.546686,12.378503],[-1.546667,12.378525],[-1.54667,12.378563],[-1.546675,12.378603],[-1.54671,12.378622]]},"properties":{"nom":"Rond pont","type":"STPC","revetement":"TB","eclairage":"SO","piste_cyclable":null,"arrondissement":"2"}},{"type":"Feature","geometry":{"type":"LineString","coordinates":[[-1.555643,12.379903],[-1.550496,12.381152],[-1.550473,12.381159]]},"properties":{"nom":"Rue Bemoy","type":"STPC","revetement":"TB","eclairage":"SO","piste_cyclable":null,"arrondissement":"2"}},{"type":"Feature","geometry":{"type":"LineString","coordinates":[[-1.557364,12.374008],[-1.555829,12.374326],[-1.5494,12.375862],[-1.545664,12.37676],[-1.544552,12.37705]]},"properties":{"nom":"Rue Cheick FodÃ© DoucourÃ©","type":"STPC","revetement":"TB","eclairage":"SO","piste_cyclable":null,"arrondissement":"2"}},{"type":"Feature","geometry":{"type":"LineString","coordinates":[[-1.556483,12.363688],[-1.555976,12.363089],[-1.55549,12.362506],[-1.555197,12.362055],[-1.554845,12.361533],[-1.554541,12.36108],[-1.554386,12.360846],[-1.554369,12.360619],[-1.554363,12.360411],[-1.554326,12.359729],[-1.554287,12.358947],[-1.554263,12.358689],[-1.554245,12.358477],[-1.554014,12.358045],[-1.553642,12.357462],[-1.553088,12.356569],[-1.552632,12.355856],[-1.55214,12.355097],[-1.5516,12.354311]]},"properties":{"nom":"Rue Basi","type":"STPC","revetement":"TB","eclairage":"SO","piste_cyclable":null,"arrondissement":"2"}},{"type":"Feature","geometry":{"type":"LineString","coordinates":[[-1.547286,12.365108],[-1.545986,12.364025]]},"properties":{"nom":"Rue 7.107","type":"STPC","revetement":"TB","eclairage":"SL","piste_cyclable":null,"arrondissement":"2"}},{"type":"Feature","geometry":{"type":"LineString","coordinates":[[-1.538947,12.367144],[-1.536369,12.367718],[-1.535351,12.367959]]},"properties":{"nom":"Rue 7.98","type":"STPC","revetement":"TB","eclairage":"A","piste_cyclable":null,"arrondissement":"2"}},{"type":"Feature","geometry":{"type":"LineString","coordinates":[[-1.538465,12.364859],[-1.536147,12.365113]]},"properties":{"nom":"Rue 7.104","type":"STPC","revetement":"TB","eclairage":"A","piste_cyclable":null,"arrondissement":"2"}},{"type":"Feature","geometry":{"type":"LineString","coordinates":[[-1.548545,12.363971],[-1.54866,12.363895],[-1.548697,12.363805],[-1.548711,12.363687],[-1.548644,12.363572],[-1.548577,12.363494],[-1.548465,12.363454],[-1.548316,12.363468],[-1.54819,12.363611],[-1.548162,12.363725],[-1.548192,12.363862],[-1.548227,12.363965],[-1.548398,12.364007],[-1.548477,12.363995],[-1.548545,12.363971]]},"properties":{"nom":"Place du 7 Mars","type":"STPC","revetement":"TB","eclairage":"SO","piste_cyclable":null,"arrondissement":"2"}},{"type":"Feature","geometry":{"type":"LineString","coordinates":[[-1.545092,12.368239],[-1.545177,12.368214],[-1.545232,12.368168],[-1.545275,12.368076],[-1.545272,12.368002],[-1.545259,12.367963],[-1.545225,12.367913],[-1.545151,12.367863],[-1.545077,12.36785],[-1.544981,12.367875],[-1.544913,12.367938],[-1.544881,12.368037],[-1.544904,12.368135],[-1.544973,12.368209],[-1.54504,12.368236],[-1.545092,12.368239]]},"properties":{"nom":"Place de l'olympisme","type":"STPC","revetement":"TB","eclairage":"SO","piste_cyclable":null,"arrondissement":"2"}},{"type":"Feature","geometry":{"type":"LineString","coordinates":[[-1.540912,12.371177],[-1.54068,12.370173],[-1.5401,12.367549],[-1.539406,12.364582],[-1.539094,12.363146],[-1.538836,12.362005]]},"properties":{"nom":"Rue fadoul","type":"STPC","revetement":"TB","eclairage":"SO","piste_cyclable":null,"arrondissement":"2"}},{"type":"Feature","geometry":{"type":"LineString","coordinates":[[-1.538947,12.367144],[-1.538465,12.364859],[-1.537939,12.362546]]},"properties":{"nom":"Rue Sipalog SamdÃƒÂ©","type":"STPC","revetement":"TB","eclairage":"SO","piste_cyclable":null,"arrondissement":"2"}},{"type":"Feature","geometry":{"type":"LineString","coordinates":[[-1.514083,12.382227],[-1.513783,12.382287],[-1.513128,12.38245],[-1.51258,12.382573],[-1.512454,12.382597],[-1.51207,12.382678],[-1.51156,12.382803],[-1.511037,12.382958],[-1.510519,12.383091]]},"properties":{"nom":"Rue Fofana Yacouba","type":"STPC","revetement":"TB","eclairage":"SO","piste_cyclable":null,"arrondissement":"2"}},{"type":"Feature","geometry":{"type":"LineString","coordinates":[[-1.535748,12.375207],[-1.535405,12.375271],[-1.53464,12.375458],[-1.534126,12.37558],[-1.533621,12.375692],[-1.533139,12.375805],[-1.532591,12.375934],[-1.532035,12.376071],[-1.531568,12.37618],[-1.5311,12.376285],[-1.530153,12.37652],[-1.529053,12.376791],[-1.528377,12.376966],[-1.528289,12.376988],[-1.527672,12.377128],[-1.527562,12.377156],[-1.526867,12.377328],[-1.525808,12.37758],[-1.524718,12.37784],[-1.523651,12.378096],[-1.522573,12.378363],[-1.522032,12.378496],[-1.521488,12.378626],[-1.520954,12.37876],[-1.520417,12.378893],[-1.519872,12.379023],[-1.519752,12.379051],[-1.519017,12.379205],[-1.518491,12.379331],[-1.518253,12.379401],[-1.517939,12.379472],[-1.517336,12.379612],[-1.516784,12.379763],[-1.516214,12.379893],[-1.515669,12.380015],[-1.514854,12.380251]]},"properties":{"nom":"Rue Kiendrebeogo","type":"STPC","revetement":"TB","eclairage":"SO","piste_cyclable":null,"arrondissement":"2"}},{"type":"Feature","geometry":{"type":"LineString","coordinates":[[-1.53456,12.377279],[-1.534471,12.376858],[-1.534231,12.375948],[-1.534126,12.37558]]},"properties":{"nom":"Rue 10.21","type":"STPC","revetement":"TB","eclairage":"-","piste_cyclable":null,"arrondissement":"2"}},{"type":"Feature","geometry":{"type":"LineString","coordinates":[[-1.53569,12.373782],[-1.53534,12.373846],[-1.534889,12.373946],[-1.534412,12.374044],[-1.534311,12.374114],[-1.533791,12.374172],[-1.533439,12.374296],[-1.533299,12.374377],[-1.532815,12.374463],[-1.532249,12.3746],[-1.531745,12.374737],[-1.531247,12.374889],[-1.530981,12.374938],[-1.530772,12.375012],[-1.529818,12.375251],[-1.528729,12.375525],[-1.527951,12.375703],[-1.527318,12.375844],[-1.526536,12.376033],[-1.525447,12.376296],[-1.52438,12.376538],[-1.523315,12.376793],[-1.522252,12.377062],[-1.522176,12.377077],[-1.521695,12.377191],[-1.521132,12.377319],[-1.520623,12.377442],[-1.520102,12.377562],[-1.519344,12.377731],[-1.518704,12.377901],[-1.518171,12.378027],[-1.517611,12.378179],[-1.516471,12.378419],[-1.515905,12.378573],[-1.515384,12.3787],[-1.514809,12.378831],[-1.514453,12.378924]]},"properties":{"nom":"Rue Tapsoba Tenga Dominique","type":"STPC","revetement":"TB","eclairage":"SO","piste_cyclable":null,"arrondissement":"2"}},{"type":"Feature","geometry":{"type":"LineString","coordinates":[[-1.522463,12.374321],[-1.521723,12.374503],[-1.520504,12.374779]]},"properties":{"nom":"Rue 10.50","type":"STPC","revetement":"TB","eclairage":"-","piste_cyclable":null,"arrondissement":"2"}},{"type":"Feature","geometry":{"type":"LineString","coordinates":[[-1.525775,12.372759],[-1.525503,12.372602],[-1.524504,12.372848],[-1.522475,12.37331],[-1.522323,12.373416],[-1.522146,12.373505],[-1.521104,12.373709],[-1.520306,12.373908]]},"properties":{"nom":"Rue de la Culture","type":"STPC","revetement":"TB","eclairage":"SO","piste_cyclable":null,"arrondissement":"2"}},{"type":"Feature","geometry":{"type":"LineString","coordinates":[[-1.526619,12.372612],[-1.526748,12.372269],[-1.526572,12.371564],[-1.526348,12.370731],[-1.526147,12.369957]]},"properties":{"nom":"Rue Mogho-Naba Koom","type":"STPC","revetement":"TB","eclairage":"SO","piste_cyclable":null,"arrondissement":"2"}},{"type":"Feature","geometry":{"type":"LineString","coordinates":[[-1.525775,12.372759],[-1.525739,12.372921],[-1.525738,12.373052],[-1.525796,12.373203],[-1.525861,12.373309],[-1.526001,12.373413],[-1.526123,12.373451],[-1.526334,12.373457],[-1.526459,12.373413],[-1.526603,12.37333],[-1.526676,12.373222],[-1.526738,12.373063],[-1.526739,12.372862],[-1.526667,12.372689],[-1.526619,12.372612],[-1.526432,12.372511],[-1.526272,12.372491],[-1.526036,12.372528],[-1.525872,12.372654],[-1.525775,12.372759]]},"properties":{"nom":"Rue 10.80","type":"STPC","revetement":"TB","eclairage":"A","piste_cyclable":null,"arrondissement":"2"}},{"type":"Feature","geometry":{"type":"LineString","coordinates":[[-1.517157,12.381479],[-1.516964,12.380599],[-1.516784,12.379763],[-1.516471,12.378419],[-1.516273,12.377683],[-1.516074,12.37673],[-1.51577,12.375398],[-1.515594,12.374718]]},"properties":{"nom":"Rue PaspÃ¢nga","type":"STPC","revetement":"TB","eclairage":"SO","piste_cyclable":null,"arrondissement":"2"}},{"type":"Feature","geometry":{"type":"LineString","coordinates":[[-1.515315,12.38191],[-1.515089,12.381077],[-1.514854,12.380251],[-1.514453,12.378924],[-1.514216,12.378265],[-1.514035,12.37759],[-1.513864,12.376885],[-1.513644,12.3762]]},"properties":{"nom":"Avenue OUEZZIN Coulibaly","type":"STPC","revetement":"TB","eclairage":"SO","piste_cyclable":null,"arrondissement":"2"}},{"type":"Feature","geometry":{"type":"LineString","coordinates":[[-1.555996,12.351661],[-1.555285,12.351161],[-1.554688,12.350835],[-1.554047,12.350511],[-1.553421,12.35015],[-1.552781,12.349834],[-1.551106,12.348942],[-1.550332,12.348543],[-1.545993,12.346948],[-1.543412,12.345846]]},"properties":{"nom":"Rue Joseph OuÃƒÂ©draogo","type":"STPC","revetement":"TB","eclairage":"SO","piste_cyclable":null,"arrondissement":"1"}},{"type":"Feature","geometry":{"type":"LineString","coordinates":[[-1.536956,12.355528],[-1.53226,12.35586],[-1.527212,12.356216]]},"properties":{"nom":"Avenue Mogho","type":"STPC","revetement":" TB","eclairage":" SO","piste_cyclable":null,"arrondissement":"1"}},{"type":"Feature","geometry":{"type":"LineString","coordinates":[[-1.532388,12.355851],[-1.53192,12.3533],[-1.531512,12.350701],[-1.531115,12.348108]]},"properties":{"nom":"Rue Mogho-Naba Kumdumiye","type":"STPC","revetement":"TB","eclairage":"SO","piste_cyclable":null,"arrondissement":"1"}},{"type":"Feature","geometry":{"type":"LineString","coordinates":[[-1.531077,12.348054],[-1.531592,12.34714],[-1.532271,12.345903],[-1.532248,12.345334],[-1.531962,12.340594]]},"properties":{"nom":"Rue Taan-Kobi","type":" STPC","revetement":"TB","eclairage":"SO","piste_cyclable":null,"arrondissement":"1"}},{"type":"Feature","geometry":{"type":"LineString","coordinates":[[-1.532067,12.340617],[-1.532239,12.340061],[-1.530761,12.336456]]},"properties":{"nom":"Rue Kong Ã‚bga","type":"STPC","revetement":"TB","eclairage":"SO","piste_cyclable":null,"arrondissement":"1"}},{"type":"Feature","geometry":{"type":"LineString","coordinates":[[-1.530676,12.336438],[-1.530977,12.333993]]},"properties":{"nom":"Rue 5.254","type":"STPC","revetement":"TB","eclairage":"SO","piste_cyclable":null,"arrondissement":"1"}},{"type":"Feature","geometry":{"type":"LineString","coordinates":[[-1.510073,12.374182],[-1.509635,12.374314],[-1.509303,12.374398],[-1.508943,12.374444],[-1.508788,12.37429],[-1.508643,12.37406],[-1.508537,12.373925],[-1.508381,12.373924],[-1.508148,12.373947],[-1.508144,12.37393]]},"properties":{"nom":"Avenue Jean GÃ©rard Bila ZagrÃ©","type":null,"revetement":"TB","eclairage":"SO","piste_cyclable":null,"arrondissement":"1"}},{"type":"Feature","geometry":{"type":"LineString","coordinates":[[-1.526512,12.36775],[-1.525697,12.367878]]},"properties":{"nom":"Rue 2.10","type":"STPC","revetement":"TB","eclairage":"A","piste_cyclable":null,"arrondissement":"1"}},{"type":"Feature","geometry":{"type":"LineString","coordinates":[[-1.525697,12.367878],[-1.524484,12.368111]]},"properties":{"nom":"KabrÃ© SimÃ©on","type":"STPC","revetement":"TB","eclairage":"A","piste_cyclable":null,"arrondissement":"1"}},{"type":"Feature","geometry":{"type":"LineString","coordinates":[[-1.528351,12.366668],[-1.527207,12.366839]]},"properties":{"nom":"Avenue Maxime OuÃ©draogo","type":"STPC","revetement":"TB","eclairage":null,"piste_cyclable":null,"arrondissement":"1"}},{"type":"Feature","geometry":{"type":"LineString","coordinates":[[-1.524075,12.36613],[-1.521336,12.366618],[-1.521068,12.366684]]},"properties":{"nom":"Rue El Hadji Ouedraogo Ousmane S.","type":"STPC","revetement":"TB","eclairage":null,"piste_cyclable":null,"arrondissement":"1"}},{"type":"Feature","geometry":{"type":"LineString","coordinates":[[-1.528104,12.364783],[-1.526898,12.365016]]},"properties":{"nom":"Rue ToÃªega","type":"STPC","revetement":"TB","eclairage":"A","piste_cyclable":null,"arrondissement":"1"}},{"type":"Feature","geometry":{"type":"LineString","coordinates":[[-1.523879,12.365064],[-1.521083,12.365577],[-1.520904,12.365629]]},"properties":{"nom":"Rue du Commerce","type":"STPC","revetement":"TB","eclairage":null,"piste_cyclable":null,"arrondissement":"1"}},{"type":"Feature","geometry":{"type":"LineString","coordinates":[[-1.521502,12.362997],[-1.521401,12.363017],[-1.520598,12.363187],[-1.520429,12.363228]]},"properties":{"nom":"Rue 2.36","type":"STPC","revetement":"TB","eclairage":null,"piste_cyclable":null,"arrondissement":"1"}},{"type":"Feature","geometry":{"type":"LineString","coordinates":[[-1.527181,12.366685],[-1.525537,12.366979]]},"properties":{"nom":"Rue du Travail","type":"STPC","revetement":"TB","eclairage":"SO","piste_cyclable":null,"arrondissement":"1"}},{"type":"Feature","geometry":{"type":"LineString","coordinates":[[-1.530279,12.360331],[-1.53075,12.359607],[-1.530912,12.359311],[-1.531133,12.358934],[-1.531313,12.35858],[-1.531634,12.358133],[-1.531929,12.357585],[-1.532386,12.356879],[-1.532528,12.356633]]},"properties":{"nom":"Rue Nakombse","type":"STPC","revetement":"TB","eclairage":"SO","piste_cyclable":null,"arrondissement":"1"}},{"type":"Feature","geometry":{"type":"LineString","coordinates":[[-1.530082,12.361545],[-1.530119,12.361345],[-1.530352,12.360509],[-1.530279,12.360331],[-1.530018,12.359897],[-1.529753,12.359474]]},"properties":{"nom":"Rue Na Paga Pog-Toeenga","type":"STPC","revetement":"TB","eclairage":"SO","piste_cyclable":null,"arrondissement":"1"}},{"type":"Feature","geometry":{"type":"LineString","coordinates":[[-1.53552,12.358751],[-1.534982,12.358825],[-1.534341,12.358933],[-1.533647,12.359005],[-1.532945,12.35908],[-1.530912,12.359311],[-1.530163,12.359399],[-1.529753,12.359474],[-1.528478,12.359651],[-1.528054,12.359707],[-1.527457,12.359772],[-1.527449,12.359773]]},"properties":{"nom":"Rue Nikiema AimÃ©","type":"STPC","revetement":"TB","eclairage":"A","piste_cyclable":null,"arrondissement":"1"}},{"type":"Feature","geometry":{"type":"LineString","coordinates":[[-1.553405,12.412462],[-1.549932,12.430635],[-1.549545,12.436839],[-1.550541,12.449276],[-1.55067,12.450083],[-1.550905,12.450802],[-1.550889,12.450952],[-1.551055,12.451497],[-1.551722,12.453733],[-1.553265,12.460171],[-1.554713,12.464651],[-1.556536,12.471682],[-1.557587,12.475263]]},"properties":{"nom":"Rue 40.363","type":"STPC","revetement":"TB","eclairage":"SO","piste_cyclable":null,"arrondissement":"9"}},{"type":"Feature","geometry":{"type":"LineString","coordinates":[[-1.548937,12.453336],[-1.550288,12.454043],[-1.550501,12.454134]]},"properties":{"nom":"Rue 40.363","type":"STPC","revetement":"TB","eclairage":"SO","piste_cyclable":null,"arrondissement":"9"}},{"type":"Feature","geometry":{"type":"LineString","coordinates":[[-1.527708,12.315996],[-1.527815,12.312493]]},"properties":{"nom":"Rue de QuÃƒÂ©bec","type":"STPC","revetement":"TB","eclairage":"SO","piste_cyclable":null,"arrondissement":"12"}},{"type":"Feature","geometry":{"type":"LineString","coordinates":[[-1.527908,12.309985],[-1.527976,12.307696],[-1.528038,12.305648]]},"properties":{"nom":"Rue de Marrakech","type":"STPC","revetement":"TB","eclairage":"SO","piste_cyclable":null,"arrondissement":"12"}},{"type":"Feature","geometry":{"type":"LineString","coordinates":[[-1.527181,12.316017],[-1.527237,12.314557]]},"properties":{"nom":"Rue 54.7","type":"STPC","revetement":"TB","eclairage":"SO","piste_cyclable":null,"arrondissement":"12"}},{"type":"Feature","geometry":{"type":"LineString","coordinates":[[-1.525763,12.316029],[-1.525755,12.314584],[-1.525758,12.314578]]},"properties":{"nom":"Rue 54.11","type":"STPC","revetement":"TB","eclairage":"SO","piste_cyclable":null,"arrondissement":"12"}},{"type":"Feature","geometry":{"type":"LineString","coordinates":[[-1.521319,12.31661],[-1.518507,12.316619]]},"properties":{"nom":"Rue 54.14","type":"STPC","revetement":"TB","eclairage":"SO","piste_cyclable":null,"arrondissement":"12"}},{"type":"Feature","geometry":{"type":"LineString","coordinates":[[-1.524701,12.31572],[-1.524699,12.315155]]},"properties":{"nom":"Rue 54.15","type":"STPC","revetement":"TB","eclairage":"SO","piste_cyclable":null,"arrondissement":"12"}},{"type":"Feature","geometry":{"type":"LineString","coordinates":[[-1.517432,12.317487],[-1.517431,12.317026],[-1.51668,12.317024]]},"properties":{"nom":"Rue 54.16","type":"STPC","revetement":"TB","eclairage":"SO","piste_cyclable":null,"arrondissement":"12"}},{"type":"Feature","geometry":{"type":"LineString","coordinates":[[-1.523666,12.317434],[-1.523655,12.317115],[-1.523643,12.316603],[-1.523658,12.314598]]},"properties":{"nom":"Rue 54.17","type":"STPC","revetement":"TB","eclairage":"SO","piste_cyclable":null,"arrondissement":"12"}},{"type":"Feature","geometry":{"type":"LineString","coordinates":[[-1.517893,12.316566],[-1.516675,12.31656]]},"properties":{"nom":"Rue 54.18","type":"STPC","revetement":"TB","eclairage":"SO","piste_cyclable":null,"arrondissement":"12"}},{"type":"Feature","geometry":{"type":"LineString","coordinates":[[-1.523093,12.307265],[-1.524129,12.30726],[-1.524092,12.30566]]},"properties":{"nom":"Rue 54.19","type":"STPC","revetement":"TB","eclairage":"SO","piste_cyclable":null,"arrondissement":"12"}},{"type":"Feature","geometry":{"type":"LineString","coordinates":[[-1.525837,12.30566],[-1.525785,12.300943]]},"properties":{"nom":"Rue 54.21","type":"STPC","revetement":"TB","eclairage":"SO","piste_cyclable":null,"arrondissement":"12"}},{"type":"Feature","geometry":{"type":"LineString","coordinates":[[-1.513681,12.316593],[-1.512116,12.31658]]},"properties":{"nom":"Rue 54.22","type":"STPC","revetement":"TB","eclairage":"SO","piste_cyclable":null,"arrondissement":"12"}},{"type":"Feature","geometry":{"type":"LineString","coordinates":[[-1.525193,12.302695],[-1.525185,12.301605],[-1.525185,12.30158]]},"properties":{"nom":"Rue 54.23","type":"STPC","revetement":"TB","eclairage":"SO","piste_cyclable":null,"arrondissement":"12"}},{"type":"Feature","geometry":{"type":"LineString","coordinates":[[-1.52464,12.30332],[-1.52465,12.302388],[-1.524922,12.302379],[-1.52492,12.301906],[-1.524623,12.301914]]},"properties":{"nom":"Rue 54.25","type":"STPC","revetement":"TB","eclairage":"SO","piste_cyclable":null,"arrondissement":"12"}},{"type":"Feature","geometry":{"type":"LineString","coordinates":[[-1.52465,12.302388],[-1.524362,12.302393],[-1.524382,12.301945],[-1.524623,12.301914],[-1.524628,12.300977],[-1.524628,12.300971]]},"properties":{"nom":"Rue 54.27","type":"STPC","revetement":"TB","eclairage":"SO","piste_cyclable":null,"arrondissement":"12"}},{"type":"Feature","geometry":{"type":"LineString","coordinates":[[-1.524131,12.302714],[-1.524126,12.301587]]},"properties":{"nom":"Rue 54.29","type":"STPC","revetement":"TB","eclairage":"SO","piste_cyclable":null,"arrondissement":"12"}},{"type":"Feature","geometry":{"type":"LineString","coordinates":[[-1.527192,12.315719],[-1.525761,12.31572]]},"properties":{"nom":"Rue 54.30","type":"STPC","revetement":"TB","eclairage":"SO","piste_cyclable":null,"arrondissement":"12"}},{"type":"Feature","geometry":{"type":"LineString","coordinates":[[-1.523598,12.302718],[-1.523614,12.301584]]},"properties":{"nom":"Rue 54.31","type":"STPC","revetement":"TB","eclairage":"SO","piste_cyclable":null,"arrondissement":"12"}},{"type":"Feature","geometry":{"type":"LineString","coordinates":[[-1.527214,12.315138],[-1.525758,12.315138]]},"properties":{"nom":"Rue 54.32","type":"STPC","revetement":"TB","eclairage":"SO","piste_cyclable":null,"arrondissement":"12"}},{"type":"Feature","geometry":{"type":"LineString","coordinates":[[-1.525261,12.31572],[-1.524701,12.31572],[-1.52365,12.315728]]},"properties":{"nom":"Rue 54.34","type":"STPC","revetement":"TB","eclairage":"SO","piste_cyclable":null,"arrondissement":"12"}},{"type":"Feature","geometry":{"type":"LineString","coordinates":[[-1.522546,12.316048],[-1.522525,12.314608],[-1.52251,12.314608]]},"properties":{"nom":"Rue 54.35","type":"STPC","revetement":"TB","eclairage":"SO","piste_cyclable":null,"arrondissement":"12"}},{"type":"Feature","geometry":{"type":"LineString","coordinates":[[-1.525257,12.315147],[-1.524699,12.315155],[-1.523654,12.315158]]},"properties":{"nom":"Rue 54.36","type":"STPC","revetement":"TB","eclairage":"SO","piste_cyclable":null,"arrondissement":"12"}},{"type":"Feature","geometry":{"type":"LineString","coordinates":[[-1.521827,12.316967],[-1.521831,12.316521],[-1.521813,12.316053]]},"properties":{"nom":"Rue 54.37","type":"STPC","revetement":"TB","eclairage":"SO","piste_cyclable":null,"arrondissement":"12"}},{"type":"Feature","geometry":{"type":"LineString","coordinates":[[-1.522538,12.315487],[-1.519092,12.315483]]},"properties":{"nom":"Rue 54.38","type":"STPC","revetement":"TB","eclairage":"SO","piste_cyclable":null,"arrondissement":"12"}},{"type":"Feature","geometry":{"type":"LineString","coordinates":[[-1.521346,12.317454],[-1.521337,12.317236],[-1.521333,12.317162],[-1.521319,12.31661],[-1.521331,12.316056]]},"properties":{"nom":"Rue 54.39","type":"STPC","revetement":"TB","eclairage":"SO","piste_cyclable":null,"arrondissement":"12"}},{"type":"Feature","geometry":{"type":"LineString","coordinates":[[-1.522529,12.314892],[-1.519102,12.314904]]},"properties":{"nom":"Rue 54.40","type":"STPC","revetement":"TB","eclairage":"SO","piste_cyclable":null,"arrondissement":"12"}},{"type":"Feature","geometry":{"type":"LineString","coordinates":[[-1.522407,12.302133],[-1.522396,12.300962]]},"properties":{"nom":"Rue 54.41","type":"STPC","revetement":"TB","eclairage":"SO","piste_cyclable":null,"arrondissement":"12"}},{"type":"Feature","geometry":{"type":"LineString","coordinates":[[-1.518511,12.315356],[-1.516669,12.315353]]},"properties":{"nom":"Rue 54.42","type":"STPC","revetement":"TB","eclairage":"SO","piste_cyclable":null,"arrondissement":"12"}},{"type":"Feature","geometry":{"type":"LineString","coordinates":[[-1.514893,12.315377],[-1.512124,12.31539]]},"properties":{"nom":"Rue 54.44","type":"STPC","revetement":"TB","eclairage":"SO","piste_cyclable":null,"arrondissement":"12"}},{"type":"Feature","geometry":{"type":"LineString","coordinates":[[-1.511456,12.315708],[-1.509671,12.315719]]},"properties":{"nom":"Rue 54.46","type":"STPC","revetement":"TB","eclairage":"SO","piste_cyclable":null,"arrondissement":"12"}},{"type":"Feature","geometry":{"type":"LineString","coordinates":[[-1.519944,12.317466],[-1.519952,12.316065]]},"properties":{"nom":"Rue 54.47","type":"STPC","revetement":"TB","eclairage":"SO","piste_cyclable":null,"arrondissement":"12"}},{"type":"Feature","geometry":{"type":"LineString","coordinates":[[-1.509672,12.315097],[-1.508379,12.315099]]},"properties":{"nom":"Rue 54.48","type":"STPC","revetement":"TB","eclairage":"SO","piste_cyclable":null,"arrondissement":"12"}},{"type":"Feature","geometry":{"type":"LineString","coordinates":[[-1.519758,12.315484],[-1.519751,12.314902]]},"properties":{"nom":"Rue 54.49","type":"STPC","revetement":"TB","eclairage":"SO","piste_cyclable":null,"arrondissement":"12"}},{"type":"Feature","geometry":{"type":"LineString","coordinates":[[-1.519081,12.316071],[-1.519092,12.315483],[-1.519102,12.314904],[-1.519093,12.314629]]},"properties":{"nom":"Rue 54.51","type":"STPC","revetement":"TB","eclairage":"SO","piste_cyclable":null,"arrondissement":"12"}},{"type":"Feature","geometry":{"type":"LineString","coordinates":[[-1.505099,12.31568],[-1.503697,12.315675]]},"properties":{"nom":"Rue 54.52","type":"STPC","revetement":"TB","eclairage":"SO","piste_cyclable":null,"arrondissement":"12"}},{"type":"Feature","geometry":{"type":"LineString","coordinates":[[-1.519998,12.303366],[-1.519987,12.300978]]},"properties":{"nom":"Rue 54.59","type":"STPC","revetement":"TB","eclairage":"SO","piste_cyclable":null,"arrondissement":"12"}},{"type":"Feature","geometry":{"type":"LineString","coordinates":[[-1.527789,12.313342],[-1.525243,12.313353],[-1.523131,12.313401]]},"properties":{"nom":"Rue 54.60","type":"STPC","revetement":"TB","eclairage":"SO","piste_cyclable":null,"arrondissement":"12"}},{"type":"Feature","geometry":{"type":"LineString","coordinates":[[-1.519469,12.302755],[-1.519461,12.301607]]},"properties":{"nom":"Rue 54.61","type":"STPC","revetement":"TB","eclairage":"SO","piste_cyclable":null,"arrondissement":"12"}},{"type":"Feature","geometry":{"type":"LineString","coordinates":[[-1.520753,12.313399],[-1.515475,12.313424]]},"properties":{"nom":"Rue 54.62","type":"STPC","revetement":"TB","eclairage":"SO","piste_cyclable":null,"arrondissement":"12"}},{"type":"Feature","geometry":{"type":"LineString","coordinates":[[-1.518965,12.302756],[-1.518962,12.301593],[-1.518962,12.301588]]},"properties":{"nom":"Rue 54.63","type":"STPC","revetement":"TB","eclairage":"SO","piste_cyclable":null,"arrondissement":"12"}},{"type":"Feature","geometry":{"type":"LineString","coordinates":[[-1.518446,12.305706],[-1.518405,12.300983]]},"properties":{"nom":"Rue 54.67","type":"STPC","revetement":"TB","eclairage":"SO","piste_cyclable":null,"arrondissement":"12"}},{"type":"Feature","geometry":{"type":"LineString","coordinates":[[-1.516684,12.317493],[-1.51668,12.317024],[-1.516675,12.31656],[-1.516669,12.315353],[-1.516672,12.31464]]},"properties":{"nom":"Rue 54.71","type":"STPC","revetement":"TB","eclairage":"SO","piste_cyclable":null,"arrondissement":"12"}},{"type":"Feature","geometry":{"type":"LineString","coordinates":[[-1.5161,12.317498],[-1.516096,12.314642]]},"properties":{"nom":"Rue 54.73","type":"STPC","revetement":"TB","eclairage":"SO","piste_cyclable":null,"arrondissement":"12"}},{"type":"Feature","geometry":{"type":"LineString","coordinates":[[-1.51714,12.306803],[-1.517107,12.305693]]},"properties":{"nom":"Rue 54.77","type":"STPC","revetement":"TB","eclairage":"SO","piste_cyclable":null,"arrondissement":"12"}},{"type":"Feature","geometry":{"type":"LineString","coordinates":[[-1.523979,12.307735],[-1.523983,12.308644],[-1.523092,12.308642]]},"properties":{"nom":"Rue 54.80","type":"STPC","revetement":"TB","eclairage":"SO","piste_cyclable":null,"arrondissement":"12"}},{"type":"Feature","geometry":{"type":"LineString","coordinates":[[-1.517913,12.302772],[-1.517895,12.301612]]},"properties":{"nom":"Rue 54.81","type":"STPC","revetement":"TB","eclairage":"SO","piste_cyclable":null,"arrondissement":"12"}},{"type":"Feature","geometry":{"type":"LineString","coordinates":[[-1.517439,12.302783],[-1.517427,12.301617]]},"properties":{"nom":"Rue 54.83","type":"STPC","revetement":"TB","eclairage":"SO","piste_cyclable":null,"arrondissement":"12"}},{"type":"Feature","geometry":{"type":"LineString","coordinates":[[-1.516915,12.303404],[-1.516924,12.302431],[-1.517191,12.302422],[-1.517204,12.30197],[-1.516905,12.301958]]},"properties":{"nom":"Rue 54.85","type":"STPC","revetement":"TB","eclairage":"SO","piste_cyclable":null,"arrondissement":"12"}},{"type":"Feature","geometry":{"type":"LineString","coordinates":[[-1.516924,12.302431],[-1.516611,12.302418],[-1.516609,12.301992],[-1.516905,12.301958],[-1.516896,12.300989]]},"properties":{"nom":"Rue 54.87","type":"STPC","revetement":"TB","eclairage":"SO","piste_cyclable":null,"arrondissement":"12"}},{"type":"Feature","geometry":{"type":"LineString","coordinates":[[-1.516374,12.302783],[-1.516381,12.301625]]},"properties":{"nom":"Rue 54.89","type":"STPC","revetement":"TB","eclairage":"SO","piste_cyclable":null,"arrondissement":"12"}},{"type":"Feature","geometry":{"type":"LineString","coordinates":[[-1.515918,12.302779],[-1.515915,12.301621]]},"properties":{"nom":"Rue 54.91","type":"STPC","revetement":"TB","eclairage":"SO","piste_cyclable":null,"arrondissement":"12"}},{"type":"Feature","geometry":{"type":"LineString","coordinates":[[-1.520051,12.306301],[-1.517125,12.306306]]},"properties":{"nom":"Rue 54.92","type":"STPC","revetement":"TB","eclairage":"SO","piste_cyclable":null,"arrondissement":"12"}},{"type":"Feature","geometry":{"type":"LineString","coordinates":[[-1.515438,12.30567],[-1.515406,12.301026]]},"properties":{"nom":"Rue 54.95","type":"STPC","revetement":"TB","eclairage":"SO","piste_cyclable":null,"arrondissement":"12"}},{"type":"Feature","geometry":{"type":"LineString","coordinates":[[-1.514896,12.317509],[-1.514893,12.315377],[-1.51488,12.314648]]},"properties":{"nom":"Rue 54.97","type":"STPC","revetement":"TB","eclairage":"SO","piste_cyclable":null,"arrondissement":"12"}},{"type":"Feature","geometry":{"type":"LineString","coordinates":[[-1.510859,12.312255],[-1.505181,12.312332]]},"properties":{"nom":"Rue 54.98","type":"TTPC","revetement":"TB","eclairage":"SO","piste_cyclable":null,"arrondissement":"12"}},{"type":"Feature","geometry":{"type":"LineString","coordinates":[[-1.514252,12.317514],[-1.514253,12.31538]]},"properties":{"nom":"Rue 54.99","type":"STPC","revetement":"TB","eclairage":"SO","piste_cyclable":null,"arrondissement":"12"}},{"type":"Feature","geometry":{"type":"LineString","coordinates":[[-1.511104,12.312078],[-1.511077,12.311966],[-1.510928,12.311875],[-1.510858,12.311869],[-1.510857,12.312256],[-1.510944,12.312258],[-1.51106,12.312211],[-1.511104,12.312078]]},"properties":{"nom":"Rue 54.100","type":"STPC","revetement":"TB","eclairage":"SO","piste_cyclable":null,"arrondissement":"12"}},{"type":"Feature","geometry":{"type":"LineString","coordinates":[[-1.51368,12.317519],[-1.513681,12.316593],[-1.513678,12.316102]]},"properties":{"nom":"Rue 54.101","type":"STPC","revetement":"TB","eclairage":"SO","piste_cyclable":null,"arrondissement":"12"}},{"type":"Feature","geometry":{"type":"LineString","coordinates":[[-1.510858,12.311869],[-1.505187,12.311937]]},"properties":{"nom":"Rue 54.102","type":"TTPC","revetement":"TB","eclairage":"SO","piste_cyclable":null,"arrondissement":"12"}},{"type":"Feature","geometry":{"type":"LineString","coordinates":[[-1.512342,12.314659],[-1.511868,12.31382]]},"properties":{"nom":"Rue 54.107","type":"STPC","revetement":"TB","eclairage":"SO","piste_cyclable":null,"arrondissement":"12"}},{"type":"Feature","geometry":{"type":"LineString","coordinates":[[-1.514881,12.306745],[-1.514857,12.305684]]},"properties":{"nom":"Rue 54.119","type":"STPC","revetement":"TB","eclairage":"SO","piste_cyclable":null,"arrondissement":"12"}},{"type":"Feature","geometry":{"type":"LineString","coordinates":[[-1.512162,12.309582],[-1.512163,12.308941]]},"properties":{"nom":"Rue 54.123","type":"STPC","revetement":"TB","eclairage":"SO","piste_cyclable":null,"arrondissement":"12"}},{"type":"Feature","geometry":{"type":"LineString","coordinates":[[-1.514858,12.302768],[-1.514854,12.301648]]},"properties":{"nom":"Rue 54.127","type":"STPC","revetement":"TB","eclairage":"SO","piste_cyclable":null,"arrondissement":"12"}},{"type":"Feature","geometry":{"type":"LineString","coordinates":[[-1.514354,12.302781],[-1.51433,12.301632]]},"properties":{"nom":"Rue 54.129","type":"STPC","revetement":"TB","eclairage":"SO","piste_cyclable":null,"arrondissement":"12"}},{"type":"Feature","geometry":{"type":"LineString","coordinates":[[-1.509383,12.309581],[-1.509391,12.309492],[-1.509376,12.309468],[-1.508821,12.309216]]},"properties":{"nom":"Rue 54.132","type":"STPC","revetement":"TB","eclairage":"SO","piste_cyclable":null,"arrondissement":"12"}},{"type":"Feature","geometry":{"type":"LineString","coordinates":[[-1.512319,12.303411],[-1.512304,12.300892]]},"properties":{"nom":"Rue 54.131","type":"STPC","revetement":"TB","eclairage":"SO","piste_cyclable":null,"arrondissement":"12"}},{"type":"Feature","geometry":{"type":"LineString","coordinates":[[-1.513114,12.305764],[-1.513083,12.303401]]},"properties":{"nom":"Rue 54.133","type":"STPC","revetement":"TB","eclairage":"SO","piste_cyclable":null,"arrondissement":"12"}},{"type":"Feature","geometry":{"type":"LineString","coordinates":[[-1.513838,12.303394],[-1.513815,12.300955]]},"properties":{"nom":"Rue 54.135","type":"STPC","revetement":"TB","eclairage":"SO","piste_cyclable":null,"arrondissement":"12"}},{"type":"Feature","geometry":{"type":"LineString","coordinates":[[-1.508208,12.30915],[-1.507687,12.309245],[-1.507599,12.309264],[-1.50754,12.30939]]},"properties":{"nom":"Rue 54.136","type":"STPC","revetement":"TB","eclairage":"SO","piste_cyclable":null,"arrondissement":"12"}},{"type":"Feature","geometry":{"type":"LineString","coordinates":[[-1.511809,12.303425],[-1.511798,12.301699]]},"properties":{"nom":"Rue 54.137","type":"STPC","revetement":"TB","eclairage":"SO","piste_cyclable":null,"arrondissement":"12"}},{"type":"Feature","geometry":{"type":"LineString","coordinates":[[-1.511297,12.302791],[-1.511279,12.301702]]},"properties":{"nom":"Rue 54.139","type":"STPC","revetement":"TB","eclairage":"SO","piste_cyclable":null,"arrondissement":"12"}},{"type":"Feature","geometry":{"type":"LineString","coordinates":[[-1.510245,12.317548],[-1.510248,12.316117]]},"properties":{"nom":"Rue 54.145","type":"STPC","revetement":"TB","eclairage":"SO","piste_cyclable":null,"arrondissement":"12"}},{"type":"Feature","geometry":{"type":"LineString","coordinates":[[-1.510246,12.315715],[-1.51025,12.314193]]},"properties":{"nom":"Rue 54.147","type":"STPC","revetement":"TB","eclairage":"SO","piste_cyclable":null,"arrondissement":"12"}},{"type":"Feature","geometry":{"type":"LineString","coordinates":[[-1.528817,12.303278],[-1.52464,12.30332],[-1.519998,12.303366],[-1.516915,12.303404],[-1.513838,12.303404],[-1.513083,12.303401],[-1.512319,12.303411],[-1.511809,12.303425],[-1.510753,12.303433],[-1.502688,12.303466]]},"properties":{"nom":"Rue 54.160","type":"STPC","revetement":"TB","eclairage":"SO","piste_cyclable":null,"arrondissement":"12"}},{"type":"Feature","geometry":{"type":"LineString","coordinates":[[-1.525804,12.302708],[-1.525193,12.302695],[-1.524131,12.302714],[-1.523598,12.302718],[-1.519469,12.302755],[-1.518965,12.302756],[-1.517913,12.302772],[-1.517439,12.302783],[-1.516374,12.302783],[-1.515918,12.302779],[-1.514858,12.302768],[-1.514354,12.302781],[-1.513832,12.302782],[-1.512316,12.302781],[-1.511297,12.302791],[-1.510749,12.302798],[-1.50498,12.302838]]},"properties":{"nom":"Rue 54.162","type":"STPC","revetement":"TB","eclairage":"SO","piste_cyclable":null,"arrondissement":"12"}},{"type":"Feature","geometry":{"type":"LineString","coordinates":[[-1.528865,12.302062],[-1.525798,12.302088]]},"properties":{"nom":"Rue 54.164","type":"STPC","revetement":"TB","eclairage":"SO","piste_cyclable":null,"arrondissement":"12"}},{"type":"Feature","geometry":{"type":"LineString","coordinates":[[-1.523039,12.302132],[-1.522407,12.302133],[-1.521103,12.302136],[-1.521084,12.30234],[-1.520456,12.302351],[-1.52045,12.302161],[-1.520439,12.302139]]},"properties":{"nom":"Rue 54.166","type":"STPC","revetement":"TB","eclairage":"SO","piste_cyclable":null,"arrondissement":"12"}},{"type":"Feature","geometry":{"type":"LineString","coordinates":[[-1.521103,12.302136],[-1.521085,12.301959],[-1.520472,12.301968],[-1.520439,12.302139],[-1.519992,12.302153]]},"properties":{"nom":"Rue 54.168","type":"STPC","revetement":"TB","eclairage":"SO","piste_cyclable":null,"arrondissement":"12"}},{"type":"Feature","geometry":{"type":"LineString","coordinates":[[-1.508694,12.305822],[-1.508689,12.303441]]},"properties":{"nom":"Rue 54.169","type":"STPC","revetement":"TB","eclairage":"SO","piste_cyclable":null,"arrondissement":"12"}},{"type":"Feature","geometry":{"type":"LineString","coordinates":[[-1.513826,12.302229],[-1.513413,12.302227],[-1.513412,12.302436],[-1.512737,12.302441],[-1.512732,12.30222]]},"properties":{"nom":"Rue 54.170","type":"STPC","revetement":"TB","eclairage":"SO","piste_cyclable":null,"arrondissement":"12"}},{"type":"Feature","geometry":{"type":"LineString","coordinates":[[-1.510355,12.302801],[-1.510344,12.301705]]},"properties":{"nom":"Rue 54.171","type":"STPC","revetement":"TB","eclairage":"SO","piste_cyclable":null,"arrondissement":"12"}},{"type":"Feature","geometry":{"type":"LineString","coordinates":[[-1.513413,12.302227],[-1.513395,12.302026],[-1.512724,12.302037],[-1.512732,12.30222],[-1.512312,12.302245]]},"properties":{"nom":"Rue 54.172","type":"STPC","revetement":"TB","eclairage":"SO","piste_cyclable":null,"arrondissement":"12"}},{"type":"Feature","geometry":{"type":"LineString","coordinates":[[-1.509888,12.302804],[-1.509894,12.301696]]},"properties":{"nom":"Rue 54.173","type":"STPC","revetement":"TB","eclairage":"SO","piste_cyclable":null,"arrondissement":"12"}},{"type":"Feature","geometry":{"type":"LineString","coordinates":[[-1.509385,12.302263],[-1.509025,12.302285],[-1.509005,12.302466],[-1.508299,12.302453],[-1.508281,12.302276]]},"properties":{"nom":"Rue 54.174","type":"STPC","revetement":"TB","eclairage":"SO","piste_cyclable":null,"arrondissement":"12"}},{"type":"Feature","geometry":{"type":"LineString","coordinates":[[-1.509423,12.303438],[-1.509385,12.302263],[-1.509383,12.300897],[-1.509368,12.300897]]},"properties":{"nom":"Rue 54.175","type":"STPC","revetement":"TB","eclairage":"SO","piste_cyclable":null,"arrondissement":"12"}},{"type":"Feature","geometry":{"type":"LineString","coordinates":[[-1.509025,12.302285],[-1.509015,12.30205],[-1.50834,12.302061],[-1.508292,12.302061],[-1.508281,12.302276],[-1.507875,12.30227]]},"properties":{"nom":"Rue 54.176","type":"STPC","revetement":"TB","eclairage":"SO","piste_cyclable":null,"arrondissement":"12"}},{"type":"Feature","geometry":{"type":"LineString","coordinates":[[-1.507876,12.303445],[-1.507875,12.30227],[-1.507864,12.300902]]},"properties":{"nom":"Rue 54.177","type":"STPC","revetement":"TB","eclairage":"SO","piste_cyclable":null,"arrondissement":"12"}},{"type":"Feature","geometry":{"type":"LineString","coordinates":[[-1.525792,12.301585],[-1.525188,12.30158],[-1.524126,12.301587],[-1.523614,12.301584],[-1.523035,12.30157]]},"properties":{"nom":"Rue 54.178","type":"STPC","revetement":"TB","eclairage":"SO","piste_cyclable":null,"arrondissement":"12"}},{"type":"Feature","geometry":{"type":"LineString","coordinates":[[-1.507418,12.302821],[-1.507393,12.301715]]},"properties":{"nom":"Rue 54.179","type":"STPC","revetement":"TB","eclairage":"SO","piste_cyclable":null,"arrondissement":"12"}},{"type":"Feature","geometry":{"type":"LineString","coordinates":[[-1.522401,12.3016],[-1.519461,12.301607],[-1.517895,12.301612],[-1.517427,12.301617],[-1.516381,12.301625],[-1.515915,12.301621],[-1.511798,12.301699],[-1.511279,12.301702],[-1.510344,12.301705],[-1.509894,12.301696],[-1.507393,12.301715],[-1.504982,12.301705]]},"properties":{"nom":"Rue 54.180","type":"STPC","revetement":"TB","eclairage":"SO","piste_cyclable":null,"arrondissement":"12"}},{"type":"Feature","geometry":{"type":"LineString","coordinates":[[-1.50695,12.302825],[-1.506948,12.301713]]},"properties":{"nom":"Rue 54.181","type":"STPC","revetement":"TB","eclairage":"SO","piste_cyclable":null,"arrondissement":"12"}},{"type":"Feature","geometry":{"type":"LineString","coordinates":[[-1.528908,12.300958],[-1.525785,12.300943],[-1.524628,12.300971],[-1.52303,12.300941],[-1.521526,12.300991],[-1.519987,12.300978],[-1.518405,12.300983],[-1.516896,12.300989],[-1.515406,12.301026],[-1.512304,12.300892],[-1.509368,12.300897],[-1.507864,12.300902],[-1.502699,12.301018]]},"properties":{"nom":"Rue 54.182","type":"STPC","revetement":"TB","eclairage":"SO","piste_cyclable":null,"arrondissement":"12"}},{"type":"Feature","geometry":{"type":"LineString","coordinates":[[-1.514398,12.299565],[-1.510523,12.299551]]},"properties":{"nom":"Rue 54.184","type":"STPC","revetement":"TB","eclairage":"SO","piste_cyclable":null,"arrondissement":"12"}},{"type":"Feature","geometry":{"type":"LineString","coordinates":[[-1.506535,12.30585],[-1.506538,12.300932]]},"properties":{"nom":"Rue 54.185","type":"STPC","revetement":"TB","eclairage":"SO","piste_cyclable":null,"arrondissement":"12"}},{"type":"Feature","geometry":{"type":"LineString","coordinates":[[-1.514368,12.297616],[-1.510488,12.297595]]},"properties":{"nom":"Rue 54.186","type":"STPC","revetement":"TB","eclairage":"SO","piste_cyclable":null,"arrondissement":"12"}},{"type":"Feature","geometry":{"type":"LineString","coordinates":[[-1.514342,12.296581],[-1.51054,12.296546]]},"properties":{"nom":"Rue 54.188","type":"STPC","revetement":"TB","eclairage":"SO","piste_cyclable":null,"arrondissement":"12"}},{"type":"Feature","geometry":{"type":"LineString","coordinates":[[-1.504439,12.315678],[-1.504455,12.31395],[-1.504455,12.313936]]},"properties":{"nom":"Rue 54.189","type":"STPC","revetement":"TB","eclairage":"SO","piste_cyclable":null,"arrondissement":"12"}},{"type":"Feature","geometry":{"type":"LineString","coordinates":[[-1.506026,12.302831],[-1.505998,12.301709]]},"properties":{"nom":"Rue 54.203","type":"STPC","revetement":"TB","eclairage":"SO","piste_cyclable":null,"arrondissement":"12"}},{"type":"Feature","geometry":{"type":"LineString","coordinates":[[-1.505525,12.302835],[-1.505517,12.301707]]},"properties":{"nom":"Rue 54.205","type":"STPC","revetement":"TB","eclairage":"SO","piste_cyclable":null,"arrondissement":"12"}},{"type":"Feature","geometry":{"type":"LineString","coordinates":[[-1.50504,12.30587],[-1.50498,12.302838],[-1.504982,12.301705],[-1.505002,12.300966]]},"properties":{"nom":"Rue 54.207","type":"STPC","revetement":"TB","eclairage":"SO","piste_cyclable":null,"arrondissement":"12"}},{"type":"Feature","geometry":{"type":"LineString","coordinates":[[-1.514337,12.30098],[-1.514398,12.299565],[-1.514368,12.297616],[-1.514342,12.296581],[-1.514353,12.295391]]},"properties":{"nom":"Rue 54.209","type":"STPC","revetement":"TB","eclairage":"SO","piste_cyclable":null,"arrondissement":"12"}},{"type":"Feature","geometry":{"type":"LineString","coordinates":[[-1.51311,12.29956],[-1.513133,12.29761]]},"properties":{"nom":"Rue 54.211","type":"STPC","revetement":"TB","eclairage":"SO","piste_cyclable":null,"arrondissement":"12"}},{"type":"Feature","geometry":{"type":"LineString","coordinates":[[-1.512304,12.300892],[-1.512282,12.299557]]},"properties":{"nom":"Rue 54.213","type":"STPC","revetement":"TB","eclairage":"SO","piste_cyclable":null,"arrondissement":"12"}},{"type":"Feature","geometry":{"type":"LineString","coordinates":[[-1.512297,12.297605],[-1.512288,12.295348]]},"properties":{"nom":"Rue 54.215","type":"STPC","revetement":"TB","eclairage":"SO","piste_cyclable":null,"arrondissement":"12"}},{"type":"Feature","geometry":{"type":"LineString","coordinates":[[-1.511852,12.299556],[-1.511808,12.297603]]},"properties":{"nom":"Rue 54.217","type":"STPC","revetement":"TB","eclairage":"SO","piste_cyclable":null,"arrondissement":"12"}},{"type":"Feature","geometry":{"type":"LineString","coordinates":[[-1.510523,12.300895],[-1.510523,12.299551],[-1.510488,12.297595],[-1.51054,12.296546],[-1.510512,12.295312]]},"properties":{"nom":"Rue 54.219","type":"STPC","revetement":"TB","eclairage":"SO","piste_cyclable":null,"arrondissement":"12"}},{"type":"Feature","geometry":{"type":"LineString","coordinates":[[-1.50739,12.300913],[-1.507439,12.295248]]},"properties":{"nom":"Rue 54.221","type":"STPC","revetement":"TB","eclairage":"SO","piste_cyclable":null,"arrondissement":"12"}},{"type":"Feature","geometry":{"type":"LineString","coordinates":[[-1.502774,12.317611],[-1.502704,12.31611],[-1.50272,12.315507],[-1.502832,12.315005],[-1.503258,12.314606]]},"properties":{"nom":"Rue 54.223","type":"TPCPC2","revetement":"TB","eclairage":"SO","piste_cyclable":null,"arrondissement":"12"}},{"type":"Feature","geometry":{"type":"LineString","coordinates":[[-1.529017,12.295209],[-1.520641,12.295184],[-1.511045,12.295146],[-1.501705,12.295124],[-1.492153,12.295086],[-1.482572,12.295033],[-1.473159,12.294973],[-1.469342,12.294966]]},"properties":{"nom":"Rue 55.2","type":"TTPC","revetement":"TB","eclairage":"A","piste_cyclable":null,"arrondissement":"12"}},{"type":"Feature","geometry":{"type":"LineString","coordinates":[[-1.468081,12.293364],[-1.468361,12.293032],[-1.468759,12.292495],[-1.469574,12.291506],[-1.47003,12.290917],[-1.471226,12.289523],[-1.472251,12.288307],[-1.473305,12.287055],[-1.473426,12.286875],[-1.473849,12.286336],[-1.475039,12.285011],[-1.475928,12.283916],[-1.476369,12.283321],[-1.477639,12.281763],[-1.479201,12.279936],[-1.480803,12.277999],[-1.481727,12.276948],[-1.482365,12.276213],[-1.483861,12.274374],[-1.485445,12.272472],[-1.485927,12.271896],[-1.487378,12.270139],[-1.488786,12.268478]]},"properties":{"nom":"Rue 55.209","type":"TTPC","revetement":"TB","eclairage":"A","piste_cyclable":null,"arrondissement":"12"}},{"type":"Feature","geometry":{"type":"LineString","coordinates":[[-1.466841,12.291972],[-1.469493,12.288841],[-1.472079,12.285741],[-1.474901,12.28235],[-1.475334,12.281743],[-1.478358,12.278108],[-1.482403,12.273241],[-1.483834,12.271506],[-1.485338,12.269607],[-1.486611,12.268065]]},"properties":{"nom":"Rue 55.211","type":"TTPC","revetement":"TB","eclairage":"A","piste_cyclable":null,"arrondissement":"12"}},{"type":"Feature","geometry":{"type":"LineString","coordinates":[[-1.520226,12.332677],[-1.520222,12.33178],[-1.520214,12.331566],[-1.519964,12.33109],[-1.519752,12.330749],[-1.519551,12.330427],[-1.518703,12.328967],[-1.518654,12.327171]]},"properties":{"nom":"Rue Bitto","type":"STPC","revetement":"TB","eclairage":"SO","piste_cyclable":null,"arrondissement":"12"}},{"type":"Feature","geometry":{"type":"LineString","coordinates":[[-1.514259,12.332713],[-1.514223,12.331904],[-1.514194,12.331482],[-1.514161,12.331015],[-1.514154,12.330547],[-1.514171,12.328981],[-1.514161,12.327409],[-1.513961,12.327231]]},"properties":{"nom":"Rue Bagem-Nini","type":"STPC","revetement":"TB","eclairage":"SO","piste_cyclable":null,"arrondissement":"12"}},{"type":"Feature","geometry":{"type":"LineString","coordinates":[[-1.514167,12.328377],[-1.514359,12.327943],[-1.514698,12.327548],[-1.51512,12.327225]]},"properties":{"nom":"Rue 52.115","type":"STPC","revetement":"TB","eclairage":"SO","piste_cyclable":null,"arrondissement":"12"}},{"type":"Feature","geometry":{"type":"LineString","coordinates":[[-1.527154,12.327173],[-1.526197,12.327101],[-1.525779,12.327127],[-1.525198,12.327134],[-1.524569,12.327141],[-1.5241,12.327155],[-1.522639,12.327191],[-1.521548,12.327189],[-1.520896,12.327203],[-1.519979,12.327246],[-1.518654,12.327171],[-1.517425,12.327174],[-1.51696,12.327201],[-1.51512,12.327225],[-1.514436,12.327243]]},"properties":{"nom":"Avenue PÃƒÂ¨re Wresinski Joseph","type":"STPC","revetement":"TB","eclairage":"SO","piste_cyclable":null,"arrondissement":"12"}},{"type":"Feature","geometry":{"type":"LineString","coordinates":[[-1.514436,12.327243],[-1.513961,12.327231],[-1.512259,12.327258],[-1.511476,12.327254],[-1.510774,12.32726],[-1.510274,12.327268],[-1.509905,12.327284],[-1.508922,12.32729],[-1.508245,12.327319],[-1.507741,12.327338],[-1.507282,12.327335],[-1.506812,12.327337],[-1.506129,12.327351],[-1.505174,12.327355],[-1.502516,12.327271]]},"properties":{"nom":"Avenue de la sagesse","type":"STPC","revetement":"TB","eclairage":"SO","piste_cyclable":null,"arrondissement":"12"}},{"type":"Feature","geometry":{"type":"LineString","coordinates":[[-1.514335,12.327749],[-1.514489,12.327707],[-1.514596,12.327544],[-1.514578,12.327402],[-1.514397,12.327361],[-1.514262,12.327422],[-1.514239,12.327555],[-1.514229,12.327684],[-1.514329,12.327749]]},"properties":{"nom":"Rue 52.492","type":"STPC","revetement":"TB","eclairage":"SO","piste_cyclable":null,"arrondissement":"12"}},{"type":"Feature","geometry":{"type":"LineString","coordinates":[[-1.491622,12.337347],[-1.491262,12.336904]]},"properties":{"nom":"Rue 51.254","type":"STPC","revetement":"TB","eclairage":" A","piste_cyclable":null,"arrondissement":"11"}},{"type":"Feature","geometry":{"type":"LineString","coordinates":[[-1.478903,12.340169],[-1.479906,12.338651],[-1.480404,12.337843],[-1.480692,12.337455],[-1.481236,12.336653],[-1.482576,12.334623],[-1.482846,12.334248],[-1.485296,12.330576],[-1.487676,12.327062],[-1.489134,12.32484],[-1.491682,12.321034],[-1.491817,12.320834]]},"properties":{"nom":"Rue 51.261","type":"STPC","revetement":" TB","eclairage":"A","piste_cyclable":null,"arrondissement":"11"}},{"type":"Feature","geometry":{"type":"LineString","coordinates":[[-1.49858,12.335866],[-1.497573,12.335192],[-1.494907,12.333446],[-1.492969,12.332216],[-1.490796,12.330775],[-1.489224,12.329788],[-1.488832,12.329491],[-1.488227,12.329169],[-1.487308,12.328552],[-1.486408,12.327981],[-1.485804,12.327558],[-1.484953,12.327033],[-1.484347,12.326611],[-1.483472,12.326069],[-1.482894,12.325639],[-1.480015,12.323787]]},"properties":{"nom":"Rue 51.346","type":" STPC","revetement":" TB","eclairage":"SO","piste_cyclable":null,"arrondissement":"11"}},{"type":"Feature","geometry":{"type":"LineString","coordinates":[[-1.470744,12.337662],[-1.480792,12.322685]]},"properties":{"nom":"Rue 50.1","type":"STPC","revetement":"TB","eclairage":"A","piste_cyclable":null,"arrondissement":"11"}},{"type":"Feature","geometry":{"type":"LineString","coordinates":[[-1.476278,12.329414],[-1.472976,12.3273],[-1.472547,12.327067],[-1.470098,12.325473],[-1.468802,12.324634]]},"properties":{"nom":"Rue 50.86","type":"STPC","revetement":"TB","eclairage":"A","piste_cyclable":null,"arrondissement":"11"}},{"type":"Feature","geometry":{"type":"LineString","coordinates":[[-1.468802,12.324634],[-1.468324,12.324315],[-1.467515,12.323798],[-1.462556,12.32063]]},"properties":{"nom":"Rue 50.176","type":"STPC","revetement":"TB","eclairage":"A","piste_cyclable":null,"arrondissement":"11"}},{"type":"Feature","geometry":{"type":"LineString","coordinates":[[-1.467862,12.342297],[-1.470987,12.339736]]},"properties":{"nom":"Rue 46.281","type":null,"revetement":"TB","eclairage":"A","piste_cyclable":null,"arrondissement":"11"}},{"type":"Feature","geometry":{"type":"LineString","coordinates":[[-1.470214,12.378189],[-1.469656,12.377852],[-1.468659,12.3772],[-1.465848,12.375363],[-1.464078,12.374234]]},"properties":{"nom":"Avenue Tapoa","type":"STPC","revetement":"TB","eclairage":"SL","piste_cyclable":null,"arrondissement":"10"}},{"type":"Feature","geometry":{"type":"LineString","coordinates":[[-1.464078,12.374234],[-1.462932,12.373535],[-1.462687,12.373348],[-1.461774,12.372767],[-1.461303,12.372474],[-1.460778,12.372113],[-1.459931,12.371587],[-1.458432,12.370588]]},"properties":{"nom":"Avenue Tapoa","type":"STPC","revetement":"TB","eclairage":"SL","piste_cyclable":null,"arrondissement":"10"}},{"type":"Feature","geometry":{"type":"LineString","coordinates":[[-1.453357,12.378248],[-1.453725,12.377685],[-1.454693,12.376154],[-1.455604,12.374927],[-1.455968,12.374198],[-1.456901,12.373007],[-1.457337,12.372272],[-1.457919,12.371451],[-1.458405,12.370588],[-1.45934,12.369334],[-1.463008,12.363749],[-1.466337,12.358841],[-1.474452,12.346678],[-1.478903,12.340169]]},"properties":{"nom":"Rue 44.199","type":"TTPC","revetement":"TB","eclairage":"SO","piste_cyclable":null,"arrondissement":"10"}},{"type":"Feature","geometry":{"type":"LineString","coordinates":[[-1.469061,12.392762],[-1.468653,12.391058]]},"properties":{"nom":"R. YÃƒÂ´ng Raoogo","type":"STPC","revetement":"TB","eclairage":"A","piste_cyclable":null,"arrondissement":"10"}},{"type":"Feature","geometry":{"type":"LineString","coordinates":[[-1.46333,12.394188],[-1.463155,12.393554],[-1.462806,12.392092],[-1.462622,12.391391]]},"properties":{"nom":"Rue Kon Zoe-SÃƒÂ¢ana","type":"STPC","revetement":"TB","eclairage":"A","piste_cyclable":null,"arrondissement":"10"}},{"type":"Feature","geometry":{"type":"LineString","coordinates":[[-1.452974,12.396668],[-1.452764,12.395778],[-1.452651,12.395266],[-1.452513,12.394773],[-1.452258,12.393866],[-1.451917,12.392521],[-1.451681,12.391695],[-1.45139,12.390348],[-1.450976,12.388561],[-1.450345,12.386109],[-1.449761,12.383763],[-1.449739,12.383662],[-1.450494,12.382502],[-1.452065,12.380185],[-1.453295,12.378342]]},"properties":{"nom":"Rue 43.194","type":"TTPC","revetement":"TB","eclairage":"SO","piste_cyclable":null,"arrondissement":"10"}},{"type":"Feature","geometry":{"type":"LineString","coordinates":[[-1.468805,12.421161],[-1.463326,12.414725],[-1.46242,12.412958],[-1.461968,12.41213],[-1.461577,12.41146],[-1.460852,12.410621],[-1.460002,12.409766],[-1.459616,12.409256],[-1.459494,12.409134],[-1.45935,12.40893],[-1.458688,12.408335],[-1.45841,12.407844],[-1.458178,12.407437],[-1.457903,12.406956],[-1.456952,12.405442],[-1.456694,12.405011],[-1.456707,12.404293],[-1.456672,12.403472],[-1.456648,12.402912],[-1.456603,12.40145],[-1.456549,12.400729],[-1.456481,12.397682],[-1.456161,12.396506],[-1.456098,12.396238]]},"properties":{"nom":"Rue 42.263","type":"STPC","revetement":"TB","eclairage":"SO","piste_cyclable":null,"arrondissement":"10"}},{"type":"Feature","geometry":{"type":"LineString","coordinates":[[-1.632453,12.325642],[-1.632409,12.326402],[-1.632404,12.327399],[-1.632426,12.328476],[-1.632447,12.329787],[-1.632423,12.33064],[-1.632421,12.331208],[-1.633116,12.334904],[-1.633905,12.336533],[-1.634643,12.338169],[-1.635414,12.339816],[-1.636199,12.341407],[-1.636975,12.343048],[-1.637911,12.344723],[-1.638227,12.345286],[-1.638695,12.346254],[-1.638821,12.347405],[-1.638397,12.352861],[-1.638466,12.353665],[-1.639387,12.356224]]},"properties":{"nom":"Rue 34.205","type":"STPC","revetement":"TB","eclairage":"A","piste_cyclable":null,"arrondissement":"8"}}]}